Parti,Totale interaktioner,Reaktioner i alt,Kommentarer,Delinger,Antal sider,Owned Post Views,Owned Views from Shares,Owned Total Views,Views on Shared Posts,Views While Live,Video Time,Likes,Loves,Wows,Hahas,Sads,Angrys,Cares,Total Posts,Owned Video Posts,Shared Video Posts,Other Video Posts,Page Likes,Page Growth,Page Followers,Page Follower Growth,Day,Totale interaktioner per opslag,Kommentarer per opslag,Delinger per opslag,Videovisninger per videoopslag,Angry per opslag,Love per opslag,Reaktioner per opslag,Blok
Alternativet,1800,1426,339,35,164,1063,1,1064,1,0,1,1176,107,9,107,1,15,11,30,2,1,0,255438,72,261334,77,20221001,60,11,1,532,1,4,48,Rød blok
Andet,3455,2353,771,331,115,274704,2163,276867,0,0,2,1764,89,33,303,82,66,16,16,1,0,0,195513,40,205409,38,20221001,216,48,21,274704,4,6,147,Andet
Danmarksdemokraterne,1107,897,172,38,34,0,0,0,71,0,0,797,39,2,29,2,22,6,15,0,2,0,297794,125,315747,130,20221001,74,11,3,0,1,3,60,Blå blok
Dansk Folkeparti,4048,3129,534,385,157,245,38,283,86,0,0,2909,119,2,68,2,19,10,24,1,3,0,560530,79,569948,101,20221001,169,22,16,245,1,5,130,Blå blok
Enhedslisten,3804,2957,656,191,186,26,54,80,1013,0,3,2621,187,7,72,27,16,27,32,1,3,0,516630,178,532065,180,20221001,119,21,6,26,1,6,92,Rød blok
Frie Grønne,2438,1376,996,66,10,0,0,0,0,0,0,1081,98,17,82,54,21,23,4,0,0,0,32346,24,35229,28,20221001,610,249,17,0,5,25,344,Rød blok
Konservative,4680,3823,684,173,505,62056,1807,63863,39,91,14,3381,262,3,113,5,23,36,47,5,1,0,632454,112,666892,107,20221001,100,15,4,12411,0,6,81,Blå blok
Kristendemokraterne,70,63,3,4,41,0,0,0,0,0,0,58,4,0,0,0,0,1,8,0,0,1,63214,57,66715,55,20221001,9,0,1,0,0,1,8,Blå blok
Liberal Alliance,621,542,62,17,216,1547,51,1598,272,0,0,494,32,3,7,0,6,0,28,3,1,0,389747,137,419565,146,20221001,22,2,1,516,0,1,19,Blå blok
Løsgænger,510,476,31,3,4,0,0,0,0,0,0,441,30,2,1,0,0,2,2,0,0,0,112609,1,140895,-1,20221001,255,16,2,0,0,15,238,Andet
Moderaterne,137,115,3,19,40,301,291,592,0,0,1,109,4,0,1,0,0,1,10,2,0,0,231184,12,233038,10,20221001,14,0,2,151,0,0,12,Blå blok
Nye Borgerlige,16399,14428,1389,582,138,0,0,0,1587,0,0,13759,353,8,220,2,66,20,36,0,5,0,626099,142,730257,147,20221001,456,39,16,0,2,10,401,Blå blok
Radikale Venstre,3947,3082,770,95,255,4575,1036,5611,97,0,4,2563,328,6,59,26,66,34,49,5,2,0,641975,64,667926,65,20221001,81,16,2,915,1,7,63,Rød blok
Socialdemokratiet,36087,30421,4918,748,577,22993,4669,27662,182,0,25,26256,1971,112,681,42,176,1183,97,11,4,0,1613425,337,1727802,311,20221001,372,51,8,2090,2,20,314,Rød blok
Socialistisk Folkeparti,11827,9811,1670,346,346,9675,38,9713,0,0,0,8630,556,16,108,46,13,442,50,1,0,0,691748,137,711138,135,20221001,237,33,7,9675,0,11,196,Rød blok
Venstre,5535,4581,720,234,617,16076,1497,17573,425,0,5,4170,97,38,163,51,51,11,86,7,6,0,942073,91,987470,68,20221001,64,8,3,2297,1,1,53,Blå blok
Alternativet,457,399,27,31,164,30,2,32,332,0,0,339,53,1,1,1,3,1,18,1,1,0,255469,27,261421,55,20221002,25,2,2,30,0,3,22,Rød blok
Andet,143,125,10,8,115,0,0,0,9,0,0,107,4,0,14,0,0,0,13,0,1,0,195548,35,205441,32,20221002,11,1,1,0,0,0,10,Andet
Danmarksdemokraterne,8404,5781,2287,336,34,1135,374,1509,16,0,0,4229,30,67,537,50,860,8,26,1,1,1,298098,304,316070,323,20221002,323,88,13,1135,33,1,222,Blå blok
Dansk Folkeparti,7660,5071,1887,702,157,77796,1737,79533,212,0,4,3724,288,43,292,34,672,18,51,1,3,0,560647,117,570063,115,20221002,150,37,14,77796,13,6,99,Blå blok
Enhedslisten,3109,2641,308,160,186,44,1,45,0,0,0,2289,271,9,18,18,16,20,34,1,0,0,516816,186,532253,188,20221002,91,9,5,44,0,8,78,Rød blok
Frie Grønne,740,575,120,45,10,362,783,1145,0,0,0,497,44,1,23,2,2,6,7,1,0,0,32374,28,35260,31,20221002,106,17,6,362,0,6,82,Rød blok
Konservative,9285,6831,2135,319,505,7127,1255,8382,372,0,2,5347,210,60,663,74,442,35,74,6,4,0,632572,118,667003,111,20221002,125,29,4,1188,6,3,92,Blå blok
Kristendemokraterne,701,497,134,70,41,2753,1353,4106,426,212,3,438,24,1,26,1,2,5,41,3,5,0,63237,23,66738,23,20221002,17,3,2,918,0,1,12,Blå blok
Liberal Alliance,857,628,203,26,216,4063,165,4228,0,0,2,577,12,5,21,1,9,3,18,2,0,0,389917,170,419737,172,20221002,48,11,1,2032,1,1,35,Blå blok
Løsgænger,2417,2006,388,23,4,0,0,0,0,0,0,1846,83,11,23,19,1,23,2,0,0,1,112615,6,140886,-9,20221002,1209,194,12,0,1,42,1003,Andet
Moderaterne,130,105,8,17,40,145,397,542,66,0,2,101,4,0,0,0,0,0,10,2,1,0,231226,42,233080,42,20221002,13,1,2,73,0,0,11,Blå blok
Nye Borgerlige,19321,15418,1964,1939,138,78827,32709,111536,153,0,5,12114,1205,45,1745,25,228,56,50,3,3,0,626378,279,730539,282,20221002,386,39,39,26276,5,24,308,Blå blok
Radikale Venstre,3598,2827,632,139,255,24959,2948,27907,0,0,2,2347,289,11,64,5,67,44,60,6,0,0,642001,26,667950,24,20221002,60,11,2,4160,1,5,47,Rød blok
Socialdemokratiet,40480,33689,6107,684,577,1382,623,2005,1324,0,15,29148,3175,48,583,89,232,414,92,5,2,1,1613594,169,1727956,154,20221002,440,66,7,276,3,35,366,Rød blok
Socialistisk Folkeparti,6101,5213,649,239,346,25125,3378,28503,15,51,1,4531,414,13,45,91,14,105,37,3,1,0,691863,115,711255,117,20221002,165,18,6,8375,0,11,141,Rød blok
Venstre,11555,9066,2057,432,617,10684,1218,11902,72,0,2,8110,170,35,546,34,125,46,91,3,4,1,942233,160,987574,104,20221002,127,23,5,3561,1,2,100,Blå blok
Alternativet,3276,2762,333,181,164,350,326,676,29,46,1,2244,436,17,18,2,27,18,43,3,2,0,255514,45,261420,-1,20221003,76,8,4,117,1,10,64,Rød blok
Andet,1539,1186,225,128,115,76480,1872,78352,21,0,3,889,102,2,152,4,23,14,23,1,1,0,195556,8,205440,-1,20221003,67,10,6,76480,1,4,52,Andet
Danmarksdemokraterne,778,671,74,33,34,610,271,881,0,0,0,604,52,0,6,0,4,5,17,2,0,3,298201,103,316194,124,20221003,46,4,2,305,0,3,39,Blå blok
Dansk Folkeparti,13383,10455,1466,1462,157,39905,1123,41028,39,0,1,6857,3350,48,58,35,78,29,51,2,2,0,560601,-46,570096,33,20221003,262,29,29,19953,2,66,205,Blå blok
Enhedslisten,4711,3820,717,174,186,0,0,0,81,0,0,3335,286,6,128,5,40,20,46,0,1,0,516804,-12,532247,-6,20221003,102,16,4,0,1,6,83,Rød blok
Frie Grønne,617,434,130,53,10,0,0,0,40,0,0,392,28,0,10,0,0,4,3,0,1,0,32389,15,35268,8,20221003,206,43,18,0,0,9,145,Rød blok
Konservative,8588,6863,1450,275,505,14020,448,14468,42,0,3,5767,773,28,173,9,57,56,73,5,3,0,632654,82,667061,58,20221003,118,20,4,2804,1,11,94,Blå blok
Kristendemokraterne,31758,15291,2150,14317,41,1516,1302,2818,133,0,5,13798,1332,18,82,5,15,41,17,3,3,0,63621,384,67116,378,20221003,1868,126,842,505,1,78,899,Blå blok
Liberal Alliance,11044,9432,956,656,216,80942,9238,90180,480,0,4,8111,133,103,934,96,43,12,44,5,11,0,389983,66,419789,52,20221003,251,22,15,16188,1,3,214,Blå blok
Løsgænger,496,406,85,5,4,0,0,0,0,0,0,394,8,2,1,0,0,1,2,0,0,0,112590,-25,140851,-35,20221003,248,43,3,0,0,4,203,Andet
Moderaterne,481,355,95,31,40,233,673,906,95,0,0,211,8,0,83,1,26,26,11,1,2,0,230969,-257,232824,-256,20221003,44,9,3,233,2,1,32,Blå blok
Nye Borgerlige,25053,19888,2628,2537,138,17733,5720,23453,279,0,9,18455,524,247,375,49,219,19,42,5,3,1,626571,143,730769,151,20221003,597,63,60,3547,5,12,474,Blå blok
Radikale Venstre,3504,2582,662,260,255,1042,639,1681,22,0,2,2066,101,10,79,138,96,92,55,4,3,2,641951,-50,667890,-60,20221003,64,12,5,261,2,2,47,Rød blok
Socialdemokratiet,37745,31163,5581,1001,577,3182,61,3243,614,30,15,24379,3094,39,1233,27,188,2203,98,4,4,0,1613616,22,1727911,-45,20221003,385,57,10,796,2,32,318,Rød blok
Socialistisk Folkeparti,19369,17211,1838,320,346,68165,1159,69324,93,0,2,14768,2127,24,109,8,22,153,61,4,3,1,691924,61,711284,29,20221003,318,30,5,17041,0,35,282,Rød blok
Venstre,8099,6451,1343,305,617,7495,344,7839,210,0,3,5992,76,25,220,14,83,41,99,6,2,0,941456,-777,986879,-695,20221003,82,14,3,1249,1,1,65,Blå blok
Alternativet,3606,3068,386,152,164,1739,274,2013,46,0,0,2450,546,4,30,15,8,15,64,1,5,0,255579,65,261487,67,20221004,56,6,2,1739,0,9,48,Rød blok
Andet,1867,1523,227,117,115,13447,505,13952,26,494,1,1284,131,3,10,48,11,36,24,5,1,0,195552,-4,205457,17,20221004,78,9,5,2689,0,5,63,Andet
Danmarksdemokraterne,8171,6791,1088,292,34,4890,2803,7693,0,0,3,6390,218,8,109,4,37,25,31,3,0,0,298253,52,316266,72,20221004,264,35,9,1630,1,7,219,Blå blok
Dansk Folkeparti,15443,12144,1497,1802,157,100380,17376,117756,193,0,3,10840,823,29,288,6,61,97,62,2,4,0,560473,-128,570057,-39,20221004,249,24,29,50190,1,13,196,Blå blok
Enhedslisten,10155,9082,854,219,186,3088,228,3316,31,0,2,8065,822,13,54,26,35,67,54,2,2,0,516690,-114,532184,-63,20221004,188,16,4,1544,1,15,168,Rød blok
Frie Grønne,2134,1725,347,62,10,6123,51,6174,0,0,0,1446,231,0,30,3,2,13,6,1,0,0,32407,18,35285,17,20221004,356,58,10,6123,0,39,288,Rød blok
Konservative,17975,14866,2737,372,505,11156,2186,13342,16,320,4,12431,905,12,323,105,60,1030,124,11,1,0,632939,195,667290,137,20221004,145,22,3,1014,0,7,120,Blå blok
Kristendemokraterne,600,443,89,68,41,107,437,544,23,0,5,397,26,0,8,1,2,9,18,1,3,0,63963,342,67460,344,20221004,33,5,4,107,0,1,25,Blå blok
Liberal Alliance,2451,2102,288,61,216,28684,662,29346,272,0,0,1822,83,2,100,8,69,18,30,1,1,0,390092,109,419907,118,20221004,82,10,2,28684,2,3,70,Blå blok
Løsgænger,1589,1438,149,2,4,0,0,0,0,0,0,1283,108,3,4,8,0,32,1,0,0,0,112565,-25,140821,-30,20221004,1589,149,2,0,0,108,1438,Andet
Moderaterne,2979,2534,390,55,40,98,0,98,0,0,0,2465,31,2,20,0,11,5,18,1,0,0,230927,-42,232794,-30,20221004,166,22,3,98,1,2,141,Blå blok
Nye Borgerlige,8334,7200,690,444,138,7152,723,7875,0,0,1,6894,155,21,71,7,45,7,43,3,0,1,626595,24,730761,-8,20221004,194,16,10,2384,1,4,167,Blå blok
Radikale Venstre,7686,6713,832,141,255,1740,187,1927,0,0,1,5596,808,6,84,7,142,70,65,1,0,2,641939,-12,667879,-11,20221004,118,13,2,1740,2,12,103,Rød blok
Socialdemokratiet,85396,73669,10135,1592,577,68315,8182,76497,230,0,5,62567,7673,132,2075,51,430,741,175,10,9,2,1613945,329,1728163,252,20221004,488,58,9,6832,2,44,421,Rød blok
Socialistisk Folkeparti,37045,32783,3108,1154,346,5769,406,6175,44,0,4,27978,2972,45,459,743,152,434,85,3,1,0,691961,37,711319,35,20221004,436,37,14,1923,2,35,386,Rød blok
Venstre,19183,17211,1683,289,617,29436,1716,31152,274,0,2,16033,573,28,313,27,99,138,118,6,7,2,941132,-324,986519,-360,20221004,163,14,2,4906,1,5,146,Blå blok
Alternativet,5906,4858,729,319,164,12090,713,12803,420,0,1,3806,876,1,114,9,32,20,73,4,2,0,255676,97,261577,90,20221005,81,10,4,3023,0,12,67,Rød blok
Andet,2531,1698,668,165,115,203840,1184,205024,5,0,5,1198,76,9,391,3,15,6,33,2,2,0,195542,-10,205431,-26,20221005,77,20,5,101920,0,2,51,Andet
Danmarksdemokraterne,29060,25010,3496,554,34,54606,4100,58706,876,0,4,22952,1565,20,276,15,117,65,34,6,2,0,298732,476,316890,555,20221005,855,103,16,9101,3,46,736,Blå blok
Dansk Folkeparti,19121,15235,2556,1330,157,56953,5204,62157,510,3363,3,13294,1295,32,324,15,205,70,112,9,13,0,560544,71,570160,103,20221005,171,23,12,6328,2,12,136,Blå blok
Enhedslisten,18698,15683,2353,662,186,413,32,445,27,0,1,13543,1717,21,200,29,84,89,160,3,3,0,516769,79,532280,96,20221005,117,15,4,138,1,11,98,Rød blok
Frie Grønne,2846,2052,576,218,10,17468,3850,21318,91,0,4,1650,230,2,128,3,30,9,12,8,2,0,32453,46,35332,47,20221005,237,48,18,2184,3,19,171,Rød blok
Konservative,35135,28449,5599,1087,505,412538,17524,430062,975,487,25,24785,1878,36,1238,45,374,93,264,65,39,0,633525,586,667898,608,20221005,133,21,4,6347,1,7,108,Blå blok
Kristendemokraterne,1269,784,403,82,41,28,0,28,125,28,0,676,26,4,45,19,12,2,34,1,5,0,64137,174,67629,169,20221005,37,12,2,28,0,1,23,Blå blok
Liberal Alliance,39826,35551,3056,1219,216,130689,26790,157479,569,0,2,30373,2113,22,2828,15,154,46,109,3,12,1,390845,753,420698,791,20221005,365,28,11,43563,1,19,326,Blå blok
Løsgænger,2300,2135,144,21,4,0,0,0,0,0,0,2058,51,3,13,0,4,6,2,0,0,0,112521,-44,140763,-58,20221005,1150,72,11,0,2,26,1068,Andet
Moderaterne,5818,4707,938,173,40,3613,1649,5262,79,81,0,4431,152,6,58,2,19,39,46,8,2,0,231115,188,233024,230,20221005,126,20,4,452,0,3,102,Blå blok
Nye Borgerlige,40725,35441,3659,1625,138,79819,8258,88077,124,0,3,32265,2692,20,269,9,108,78,94,7,4,0,627013,418,731166,405,20221005,433,39,17,11403,1,29,377,Blå blok
Radikale Venstre,8438,6865,1314,259,255,17393,2820,20213,990,665,23,5837,594,15,212,13,161,33,130,19,9,2,641973,34,667954,75,20221005,65,10,2,915,1,5,53,Rød blok
Socialdemokratiet,124406,103102,18405,2899,577,456105,17133,473238,2149,16433,9,85084,10790,104,5358,71,771,924,341,30,24,0,1614417,472,1728640,477,20221005,365,54,9,15204,2,32,302,Rød blok
Socialistisk Folkeparti,40456,34920,4273,1263,346,309501,7341,316842,133,199,2,29291,4444,36,624,32,100,393,154,18,7,1,692278,317,711676,357,20221005,263,28,8,17195,1,29,227,Rød blok
Venstre,38313,32123,5202,988,617,47114,9255,56369,3402,1207,8,29662,886,31,1110,44,292,98,283,27,15,3,941255,123,986641,122,20221005,135,18,3,1745,1,3,114,Blå blok
Alternativet,3323,2710,363,250,164,24688,2749,27437,46,0,2,2028,432,2,202,4,9,33,53,5,2,0,255790,114,261704,127,20221006,63,7,5,4938,0,8,51,Rød blok
Andet,360,278,62,20,115,0,0,0,176,0,0,264,7,0,3,2,1,1,20,0,1,2,195567,25,205452,21,20221006,18,3,1,0,0,0,14,Andet
Danmarksdemokraterne,9495,7414,1718,363,34,2166,112,2278,109,0,0,6662,160,128,85,20,342,17,36,2,2,0,299121,389,317328,438,20221006,264,48,10,1083,10,4,206,Blå blok
Dansk Folkeparti,9005,5762,1427,1816,157,45406,23231,68637,87,0,1,4564,444,55,100,16,547,36,56,4,6,0,560770,173,570570,198,20221006,161,25,32,11352,10,8,103,Blå blok
Enhedslisten,12702,10134,2087,481,186,47880,3349,51229,1030,200,4,7263,644,381,1420,36,193,197,121,12,17,2,516909,140,532461,181,20221006,105,17,4,3990,2,5,84,Rød blok
Frie Grønne,4443,2857,1366,220,10,22745,5542,28287,81,0,1,1875,208,6,539,4,206,19,20,4,3,0,32539,86,35426,94,20221006,222,68,11,5686,10,10,143,Rød blok
Konservative,34182,26449,6867,866,505,68339,1645,69984,195,0,9,23008,1243,95,1032,99,297,675,164,14,11,0,633919,394,668296,398,20221006,208,42,5,4881,2,8,161,Blå blok
Kristendemokraterne,626,456,85,85,41,5335,1655,6990,149,101,13,413,36,0,3,0,4,0,22,5,6,0,64317,180,67810,181,20221006,28,4,4,1067,0,2,21,Blå blok
Liberal Alliance,29351,25170,2592,1589,216,610495,40570,651065,1044,0,12,22521,1440,25,1022,25,101,36,67,6,23,0,391674,829,421569,871,20221006,438,39,24,101749,2,21,376,Blå blok
Løsgænger,1093,971,87,35,4,0,0,0,0,0,0,862,98,0,2,0,0,9,2,0,0,0,112522,1,140761,-2,20221006,547,44,18,0,0,49,486,Andet
Moderaterne,1973,1557,342,74,40,20325,2114,22439,120,258,3,1465,44,2,26,1,16,3,33,9,2,0,231420,257,233378,271,20221006,60,10,2,2258,0,1,47,Blå blok
Nye Borgerlige,33427,28923,2923,1581,138,21070,5238,26308,106,0,6,27443,739,332,147,52,110,100,77,6,3,0,627384,353,731583,395,20221006,434,38,21,3512,1,10,376,Blå blok
Radikale Venstre,5252,4269,848,135,255,62224,1677,63901,335,0,7,3380,383,11,316,16,132,31,86,9,7,1,642072,99,668033,79,20221006,61,10,2,6914,2,4,50,Rød blok
Socialdemokratiet,58233,45006,11367,1860,577,227895,29142,257037,1036,0,14,38261,2692,100,2774,110,629,440,204,22,11,0,1614926,509,1729121,481,20221006,285,56,9,10359,3,13,221,Rød blok
Socialistisk Folkeparti,18217,14822,2694,701,346,77122,11300,88422,48,0,3,12780,1470,49,244,49,53,177,91,11,5,1,692574,296,711982,306,20221006,200,30,8,7011,1,16,163,Rød blok
Venstre,24128,17957,5370,801,617,129240,12727,141967,275,0,11,15660,683,50,1158,64,252,90,159,15,9,2,941857,602,987264,623,20221006,152,34,5,8616,2,4,113,Blå blok
Alternativet,6781,5596,798,387,164,13028,4766,17794,593,0,2,4619,817,14,105,3,13,25,79,7,10,0,255879,89,261781,77,20221007,86,10,5,1861,0,10,71,Rød blok
Andet,814,764,34,16,115,422,133,555,0,0,0,657,86,0,4,0,0,17,22,1,0,0,195588,21,205400,-52,20221007,37,2,1,422,0,4,35,Andet
Danmarksdemokraterne,14424,9644,3579,1201,34,19068,4061,23129,525,0,9,7763,257,50,204,30,1307,33,45,8,3,1,299435,313,317724,357,20221007,321,80,27,2384,29,6,214,Blå blok
Dansk Folkeparti,24896,18767,3173,2956,157,210524,22906,233430,1519,0,10,16141,1955,26,188,49,91,317,79,5,13,0,560975,205,570787,217,20221007,315,40,37,42105,1,25,238,Blå blok
Enhedslisten,19131,14568,3406,1157,186,8553,4154,12707,1137,0,6,11400,1270,50,1402,29,319,98,117,8,15,0,517090,181,532654,193,20221007,164,29,10,1069,3,11,125,Rød blok
Frie Grønne,2344,1615,513,216,10,9744,2320,12064,114,0,0,1404,130,3,50,4,19,5,10,3,1,0,32590,51,35480,54,20221007,234,51,22,3248,2,13,162,Rød blok
Konservative,34865,24625,8113,2127,505,372339,35796,408135,801,0,27,20185,852,110,2744,52,591,91,175,25,8,1,634287,368,668688,392,20221007,199,46,12,14894,3,5,141,Blå blok
Kristendemokraterne,450,348,45,57,41,1870,1068,2938,111,0,12,319,10,0,14,1,3,1,25,6,5,0,64421,104,67918,108,20221007,18,2,2,312,0,0,14,Blå blok
Liberal Alliance,32136,28808,2483,845,216,170939,7355,178294,656,0,4,26786,1516,28,294,32,125,27,88,5,16,2,392838,1164,422740,1171,20221007,365,28,10,34188,1,17,327,Blå blok
Løsgænger,1803,1450,125,228,4,0,0,0,0,0,0,1075,53,0,0,99,2,221,1,0,0,0,112520,-2,140760,-1,20221007,1803,125,228,0,2,53,1450,Andet
Moderaterne,688,596,50,42,40,1123,7,1130,104,24,1,559,33,1,1,0,0,2,26,4,4,0,231577,157,233561,183,20221007,26,2,2,281,0,1,23,Blå blok
Nye Borgerlige,34805,29624,3276,1905,138,134643,21199,155842,67,3193,13,28118,1027,22,250,16,75,116,75,8,3,0,627746,362,731956,373,20221007,464,44,25,16830,1,14,395,Blå blok
Radikale Venstre,6347,5165,924,258,255,5375,456,5831,64,0,6,4549,411,18,104,12,39,32,90,4,7,2,642148,75,668117,80,20221007,71,10,3,1344,0,5,57,Rød blok
Socialdemokratiet,80132,67307,10833,1992,577,136667,26667,163334,5543,0,10,57177,4863,109,3566,83,787,722,209,16,17,0,1615455,529,1729633,512,20221007,383,52,10,8542,4,23,322,Rød blok
Socialistisk Folkeparti,33047,27119,4644,1284,346,59586,3291,62877,122,119,4,22306,2341,356,724,229,974,189,130,8,8,0,692891,317,712340,358,20221007,254,36,10,7448,7,18,209,Rød blok
Venstre,20767,15511,3983,1273,617,37092,2375,39467,192,93,4,13807,270,45,1005,46,288,50,201,12,4,2,942309,452,987689,425,20221007,103,20,6,3091,1,1,77,Blå blok
Alternativet,5360,4505,689,166,164,1298,116,1414,67,0,0,3704,683,2,57,16,10,33,59,6,3,0,255977,97,261875,91,20221008,91,12,3,216,0,12,76,Rød blok
Andet,1758,1304,265,189,115,58996,3113,62109,61,1886,5,1005,119,8,75,15,74,8,28,4,3,0,195598,10,205391,-9,20221008,63,9,7,14749,3,4,47,Andet
Danmarksdemokraterne,23649,20556,2585,508,34,39594,5349,44943,824,0,3,18742,1459,15,173,12,107,48,50,6,6,0,299705,270,317995,271,20221008,473,52,10,6599,2,29,411,Blå blok
Dansk Folkeparti,20467,17492,2057,918,157,1846,1940,3786,353,0,2,14643,2476,21,193,8,71,80,108,4,7,0,561079,104,570884,97,20221008,190,19,9,462,1,23,162,Blå blok
Enhedslisten,13430,11702,1329,399,186,1577,698,2275,305,0,0,10023,1251,18,196,103,46,65,103,2,5,1,517212,122,532696,42,20221008,130,13,4,789,0,12,114,Rød blok
Frie Grønne,3208,2500,513,195,10,18190,6016,24206,58,0,0,2139,266,3,53,8,25,6,7,3,1,0,32642,52,35533,53,20221008,458,73,28,6063,4,38,357,Rød blok
Konservative,27386,23991,2782,613,505,109637,1937,111574,231,24,10,21203,2119,29,315,22,103,200,200,19,11,0,634556,263,669032,236,20221008,137,14,3,5770,1,11,120,Blå blok
Kristendemokraterne,953,814,103,36,41,824,189,1013,57,0,0,693,22,4,90,0,0,5,27,1,2,0,64500,79,68001,83,20221008,35,4,1,824,0,1,30,Blå blok
Liberal Alliance,36515,32523,2398,1594,216,593991,36470,630461,2704,0,3,26912,1317,43,4007,68,110,66,97,5,12,1,393677,839,423577,837,20221008,376,25,16,118798,1,14,335,Blå blok
Løsgænger,19,10,9,0,4,0,0,0,0,0,0,9,0,0,1,0,0,0,1,0,0,0,112509,-11,140739,-21,20221008,19,9,0,0,0,0,10,Andet
Moderaterne,7277,6466,703,108,40,30962,7047,38009,988,29,2,6207,181,5,37,1,17,18,41,7,3,0,231739,162,233717,156,20221008,177,17,3,4423,0,4,158,Blå blok
Nye Borgerlige,22371,19508,2041,822,138,9138,1367,10505,134,0,1,18472,649,23,211,18,90,45,93,4,6,0,627895,149,732108,152,20221008,241,22,9,2285,1,7,210,Blå blok
Radikale Venstre,6697,5901,665,131,255,786,400,1186,3,0,4,5128,488,12,49,94,36,94,107,6,1,0,642245,97,668187,70,20221008,63,6,1,131,0,5,55,Rød blok
Socialdemokratiet,74311,64867,8071,1373,577,28956,3885,32841,553,11,3,56984,4463,125,2591,25,247,432,293,14,12,1,1616100,645,1730191,558,20221008,254,28,5,2068,1,15,221,Rød blok
Socialistisk Folkeparti,44513,38837,4890,786,346,21734,931,22665,24,0,6,28031,3252,79,7038,19,156,262,166,14,4,0,693245,354,712633,293,20221008,268,29,5,1552,1,20,234,Rød blok
Venstre,29894,26128,3077,689,617,39670,4192,43862,681,158,5,24462,556,42,702,39,255,72,246,15,10,0,942620,311,987943,254,20221008,122,13,3,2645,1,2,106,Blå blok
Alternativet,4669,3786,675,208,164,812,1553,2365,96,0,1,3009,429,34,237,26,31,20,68,2,3,0,256033,56,261924,49,20221009,69,10,3,406,0,6,56,Rød blok
Andet,1499,1089,291,119,115,35681,1068,36749,51,3591,2,879,123,4,58,0,19,6,22,3,1,0,195609,11,205383,-8,20221009,68,13,5,11894,1,6,50,Andet
Danmarksdemokraterne,20424,13228,5045,2151,34,67915,2620,70535,264,15559,3,9635,633,67,2578,25,251,39,60,7,2,0,300255,534,318466,449,20221009,340,84,36,9702,4,11,220,Blå blok
Dansk Folkeparti,19844,15579,2641,1624,157,157741,22128,179869,370,3831,2,13624,1416,41,239,35,81,143,76,7,15,0,561394,315,571073,189,20221009,261,35,21,22534,1,19,205,Blå blok
Enhedslisten,7419,6219,818,382,186,1796,670,2466,189,0,0,5510,571,11,62,20,15,30,89,4,7,1,517451,239,532915,219,20221009,83,9,4,449,0,6,70,Rød blok
Frie Grønne,3208,2438,542,228,10,8881,1917,10798,44,0,1,2111,175,6,100,6,27,13,9,3,1,0,32691,49,35586,53,20221009,356,60,25,2960,3,19,271,Rød blok
Konservative,17570,13895,3075,600,505,139905,7518,147423,321,68,8,12349,919,45,312,44,117,109,149,17,9,0,635032,476,669419,387,20221009,118,21,4,8230,1,6,93,Blå blok
Kristendemokraterne,1885,1611,204,70,41,2129,1361,3490,52,0,21,1557,32,3,15,1,2,1,34,13,4,0,64578,78,68074,73,20221009,55,6,2,164,0,1,47,Blå blok
Liberal Alliance,24158,20534,2074,1550,216,40016,2379,42395,255,0,0,19425,527,54,435,36,37,20,99,5,11,0,394571,894,424456,879,20221009,244,21,16,8003,0,5,207,Blå blok
Løsgænger,1271,1002,240,29,4,0,0,0,0,0,0,912,78,6,4,0,0,2,2,0,0,0,112511,2,140722,-17,20221009,636,120,15,0,0,39,501,Andet
Moderaterne,3197,2748,359,90,40,19444,825,20269,0,209,2,2621,75,2,23,1,18,8,34,9,0,0,232039,300,234002,285,20221009,94,11,3,2160,1,2,81,Blå blok
Nye Borgerlige,30592,23830,3832,2930,138,33542,5979,39521,215,0,4,22052,573,46,598,95,395,71,93,3,4,1,628216,321,732372,264,20221009,329,41,32,11181,4,6,256,Blå blok
Radikale Venstre,7488,5954,1184,350,255,34628,2288,36916,344,0,3,4558,310,84,130,481,224,167,83,5,3,1,642519,180,668448,160,20221009,90,14,4,6926,3,4,72,Rød blok
Socialdemokratiet,63202,52788,9086,1328,577,129044,9522,138566,614,234,5,46150,3815,84,1988,53,330,368,195,17,11,0,1616726,626,1730760,569,20221009,324,47,7,7591,2,20,271,Rød blok
Socialistisk Folkeparti,25392,20686,3061,1645,346,18709,1250,19959,387,0,2,17439,2137,49,305,171,327,258,115,9,6,0,693605,360,712982,349,20221009,221,27,14,2079,3,19,180,Rød blok
Venstre,33044,28704,3593,747,617,111871,11026,122897,606,37,11,27050,786,28,602,15,139,84,203,17,11,0,943240,620,988561,618,20221009,163,18,4,6581,1,4,141,Blå blok
Alternativet,5875,5017,608,250,164,962,234,1196,43,0,5,3903,1003,19,35,25,12,20,84,6,4,0,256164,131,262052,128,20221010,70,7,3,160,0,12,60,Rød blok
Andet,1445,974,201,270,115,1355,0,1355,0,0,3,668,73,26,14,14,174,5,20,1,0,0,195630,21,205398,15,20221010,72,10,14,1355,9,4,49,Andet
Danmarksdemokraterne,22033,17994,3675,364,34,53980,3702,57682,159,0,2,13070,521,168,3032,115,385,703,47,5,1,0,300588,333,318822,356,20221010,469,78,8,10796,8,11,383,Blå blok
Dansk Folkeparti,6424,4842,903,679,157,828,460,1288,369,0,0,4224,500,4,24,0,53,37,51,2,6,0,561582,188,571303,230,20221010,126,18,13,414,1,10,95,Blå blok
Enhedslisten,18855,15659,2388,808,186,3098,1512,4610,332,7,4,13788,1486,17,199,6,67,96,139,4,10,0,517632,181,533100,185,20221010,136,17,6,775,0,11,113,Rød blok
Frie Grønne,963,740,169,54,10,3705,644,4349,58,0,0,640,54,0,41,1,1,3,8,2,1,0,32741,50,35631,45,20221010,120,21,7,1853,0,7,93,Rød blok
Konservative,19732,15518,3582,632,505,277444,3654,281098,114,227,8,13653,628,70,830,52,238,47,169,17,9,0,635478,446,669880,461,20221010,117,21,4,16320,1,4,92,Blå blok
Kristendemokraterne,856,706,98,52,41,829,107,936,4,0,0,620,11,4,57,0,9,5,25,2,2,0,64629,51,68124,50,20221010,34,4,2,415,0,0,28,Blå blok
Liberal Alliance,11815,10360,1028,427,216,9498,1276,10774,510,0,5,8490,253,26,1425,10,145,11,88,5,7,0,395375,804,425252,796,20221010,134,12,5,1900,2,3,118,Blå blok
Løsgænger,0,0,0,0,4,0,0,0,0,0,0,0,0,0,0,0,0,0,0,0,0,0,112509,-2,140717,-5,20221010,0,0,0,0,0,0,0,Andet
Moderaterne,1136,939,119,78,40,872,346,1218,13,0,0,806,23,4,71,7,20,8,33,3,1,0,232281,242,234258,256,20221010,34,4,2,291,1,1,28,Blå blok
Nye Borgerlige,36840,28980,2966,4894,138,145082,65224,210306,27,2302,7,25008,708,97,2747,53,319,48,78,8,1,0,628538,322,732333,-39,20221010,472,38,63,18135,4,9,372,Blå blok
Radikale Venstre,4129,3372,578,179,255,4080,526,4606,28,0,4,3038,245,5,39,6,13,26,101,9,4,0,642647,128,668577,129,20221010,41,6,2,453,0,2,33,Rød blok
Socialdemokratiet,52360,42733,8079,1548,577,47968,4667,52635,522,164,2,37021,2431,93,1302,329,404,1153,210,16,16,0,1617255,529,1731313,553,20221010,249,38,7,2998,2,12,203,Rød blok
Socialistisk Folkeparti,37130,31450,4586,1094,346,43695,19131,62826,171,0,6,24958,2854,43,2318,295,208,774,116,11,6,1,694139,534,713503,521,20221010,320,40,9,3972,2,25,271,Rød blok
Venstre,26691,19284,5882,1525,617,108240,4625,112865,538,0,8,17011,359,69,1258,47,458,82,184,12,6,2,943872,632,989212,651,20221010,145,32,8,9020,2,2,105,Blå blok
Alternativet,4877,4195,384,298,164,1336,344,1680,122,0,1,3410,694,6,33,23,9,20,65,2,6,1,256345,181,262225,173,20221011,75,6,5,668,0,11,65,Rød blok
Andet,885,811,34,40,115,142,0,142,28,0,0,712,88,2,1,2,1,5,21,1,1,0,195640,10,205405,7,20221011,42,2,2,142,0,4,39,Andet
Danmarksdemokraterne,33168,28949,3821,398,34,22973,3132,26105,0,378,0,13797,741,111,5077,1416,117,7690,48,7,0,0,300991,403,319259,431,20221011,691,80,8,3282,2,15,603,Blå blok
Dansk Folkeparti,12884,9553,1720,1611,157,129233,6336,135569,141,0,6,8373,655,16,216,16,89,188,84,8,4,1,561761,179,571512,209,20221011,153,20,19,16154,1,8,114,Blå blok
Enhedslisten,11439,9405,1609,425,186,9465,745,10210,330,370,2,7913,778,19,505,16,135,39,119,5,11,3,517857,225,533323,223,20221011,96,14,4,1893,1,7,79,Rød blok
Frie Grønne,2990,1715,1107,168,10,7586,2035,9621,66,0,0,1363,140,11,150,7,31,13,7,2,2,0,32794,53,35684,53,20221011,427,158,24,3793,4,20,245,Rød blok
Konservative,20765,17292,2800,673,505,72435,3159,75594,93,225,16,15375,1000,27,511,53,191,135,190,19,7,0,635829,351,670224,344,20221011,109,15,4,3812,1,5,91,Blå blok
Kristendemokraterne,1033,819,131,83,41,269,6,275,11,43,3,788,15,0,12,2,2,0,22,2,1,0,64665,36,68162,38,20221011,47,6,4,135,0,1,37,Blå blok
Liberal Alliance,14217,12495,1189,533,216,86487,6914,93401,1292,0,4,11699,513,11,187,8,65,12,89,5,18,0,395907,532,425764,512,20221011,160,13,6,17297,1,6,140,Blå blok
Løsgænger,0,0,0,0,4,0,0,0,0,0,0,0,0,0,0,0,0,0,0,0,0,0,112511,2,140712,-5,20221011,0,0,0,0,0,0,0,Andet
Moderaterne,4604,3433,946,225,40,15624,2890,18514,788,78,2,3269,95,5,25,4,13,22,36,8,1,0,232541,260,234531,273,20221011,128,26,6,1953,0,3,95,Blå blok
Nye Borgerlige,25386,20965,3072,1349,138,25161,3855,29016,1907,2054,0,19654,799,23,160,12,275,42,78,2,8,1,628846,308,732604,271,20221011,325,39,17,12581,4,10,269,Blå blok
Radikale Venstre,7903,6331,1330,242,255,12068,281,12349,77,0,1,5098,718,32,168,85,191,39,111,6,3,1,642761,114,668671,94,20221011,71,12,2,2011,2,6,57,Rød blok
Socialdemokratiet,49107,40530,7061,1516,577,113105,7973,121078,1467,279,11,35096,2829,69,1477,64,503,492,266,15,4,1,1617694,439,1731721,408,20221011,185,27,6,7540,2,11,152,Rød blok
Socialistisk Folkeparti,21337,17020,3342,975,346,163429,7198,170627,212,20,4,14193,1709,36,343,82,129,528,121,11,4,0,694689,550,714036,533,20221011,176,28,8,14857,1,14,141,Rød blok
Venstre,25884,20145,4212,1527,617,48377,6762,55139,1054,0,29,18607,456,48,416,168,412,38,222,21,13,1,944430,558,989746,534,20221011,117,19,7,2304,2,2,91,Blå blok
Alternativet,8005,6165,1376,464,164,6339,3251,9590,791,852,13,4670,1032,31,296,54,54,28,84,7,10,3,256520,175,262426,201,20221012,95,16,6,906,1,12,73,Rød blok
Andet,989,851,68,70,115,951,423,1374,0,0,8,753,65,1,5,14,1,12,23,4,0,0,195677,37,205437,32,20221012,43,3,3,238,0,3,37,Andet
Danmarksdemokraterne,2755,2220,414,121,34,4162,235,4397,172,0,0,1998,168,4,37,1,7,5,42,4,2,0,301277,251,319570,311,20221012,66,10,3,1041,0,4,53,Blå blok
Dansk Folkeparti,18046,13408,3311,1327,157,251032,16488,267520,116,0,2,11906,877,21,237,54,215,98,58,3,3,0,561932,171,571697,185,20221012,311,57,23,83677,4,15,231,Blå blok
Enhedslisten,12722,10966,1243,513,186,4370,1113,5483,525,2,1,8897,1459,12,339,10,137,112,116,3,14,0,518066,209,533540,217,20221012,110,11,4,1457,1,13,95,Rød blok
Frie Grønne,910,638,161,111,10,8249,1201,9450,0,0,1,561,28,0,28,9,8,4,7,4,0,0,32863,69,35755,71,20221012,130,23,16,2062,1,4,91,Rød blok
Konservative,24373,19105,4537,731,505,139996,3338,143334,211,0,20,16967,920,52,714,22,245,185,175,17,7,0,636232,403,670621,397,20221012,139,26,4,8235,1,5,109,Blå blok
Kristendemokraterne,1566,1126,289,151,41,9009,4627,13636,2027,0,19,1014,34,2,36,8,21,11,53,11,9,0,64735,70,68231,69,20221012,30,5,3,819,0,1,21,Blå blok
Liberal Alliance,17425,15491,1639,295,216,99131,1563,100694,118,0,2,14340,950,69,72,16,27,17,89,8,8,0,396728,821,426597,833,20221012,196,18,3,12391,0,11,174,Blå blok
Løsgænger,0,0,0,0,4,0,0,0,0,0,0,0,0,0,0,0,0,0,0,0,0,0,112510,-1,140709,-3,20221012,0,0,0,0,0,0,0,Andet
Moderaterne,2052,1699,259,94,40,5685,1769,7454,0,55,8,1554,86,3,20,2,14,20,38,10,0,0,232719,178,234721,190,20221012,54,7,2,569,0,2,45,Blå blok
Nye Borgerlige,22539,18921,1987,1631,138,44686,11984,56670,577,12,13,17476,698,34,440,28,197,48,88,7,11,0,629151,305,732914,310,20221012,256,23,19,6384,2,8,215,Blå blok
Radikale Venstre,7899,6569,1118,212,255,730,167,897,0,0,9,5614,654,5,137,7,107,45,105,5,0,2,642885,124,668792,121,20221012,75,11,2,146,1,6,63,Rød blok
Socialdemokratiet,55213,45847,7761,1605,577,611700,16001,627701,1506,0,19,39511,3939,61,1341,77,425,493,199,13,9,0,1618207,513,1732239,518,20221012,277,39,8,47054,2,20,230,Rød blok
Socialistisk Folkeparti,28611,24243,3562,806,346,11903,929,12832,136,3,3,20650,1862,47,505,110,257,812,129,5,5,0,695227,538,714584,548,20221012,222,28,6,2381,2,14,188,Rød blok
Venstre,28848,21239,6704,905,617,188710,9847,198557,804,81,6,17636,269,73,2452,44,715,50,216,17,11,3,944999,569,990315,569,20221012,134,31,4,11101,3,1,98,Blå blok
Alternativet,8325,7047,916,362,164,2220,122,2342,61,0,1,5493,1305,13,145,35,26,30,98,2,2,3,256669,149,262579,153,20221013,85,9,4,1110,0,13,72,Rød blok
Andet,1760,1335,112,313,115,396,0,396,0,0,1,1160,126,10,4,1,27,7,28,3,0,0,195704,27,205461,24,20221013,63,4,11,132,1,5,48,Andet
Danmarksdemokraterne,10933,9251,1336,346,34,26581,2812,29393,69,0,4,8508,431,10,177,5,53,67,60,7,2,0,301459,182,319755,185,20221013,182,22,6,3797,1,7,154,Blå blok
Dansk Folkeparti,7532,5673,1049,810,157,24634,4745,29379,31,0,2,5119,385,20,47,22,58,22,65,5,2,0,562083,151,571817,120,20221013,116,16,12,4927,1,6,87,Blå blok
Enhedslisten,13045,10490,1616,939,186,8031,1133,9164,259,1,11,8878,1240,20,111,72,63,106,99,10,8,0,518403,337,533888,348,20221013,132,16,9,803,1,13,106,Rød blok
Frie Grønne,1136,844,194,98,10,5371,442,5813,82,0,1,710,71,1,50,0,7,5,11,2,2,0,32909,46,35800,45,20221013,103,18,9,2686,1,6,77,Rød blok
Konservative,38126,29060,7679,1387,505,102569,3524,106093,197,326,18,25783,839,151,1436,54,587,210,184,25,8,1,636572,340,670956,335,20221013,207,42,8,4103,3,5,158,Blå blok
Kristendemokraterne,1053,813,193,47,41,1205,32,1237,44,0,4,708,53,4,29,4,4,11,38,4,2,0,64793,58,68289,58,20221013,28,5,1,301,0,1,21,Blå blok
Liberal Alliance,13226,11522,1265,439,216,12203,188,12391,25,0,6,11016,280,30,122,5,63,6,78,6,3,0,397536,808,427404,807,20221013,170,16,6,2034,1,4,148,Blå blok
Løsgænger,988,884,91,13,4,0,0,0,0,0,0,853,16,1,7,0,4,3,1,0,0,0,112501,-9,140697,-12,20221013,988,91,13,0,4,16,884,Andet
Moderaterne,4080,3385,580,115,40,2436,594,3030,81,133,3,3283,42,7,39,4,5,5,30,9,1,0,232862,143,234878,157,20221013,136,19,4,271,0,1,113,Blå blok
Nye Borgerlige,33960,29061,3301,1598,138,23705,3443,27148,90,1928,14,27719,812,46,221,13,128,122,78,8,1,2,629539,388,733323,409,20221013,435,42,20,2963,2,10,373,Blå blok
Radikale Venstre,6537,5394,925,218,255,71974,3733,75707,222,0,4,4354,430,65,291,93,132,29,113,11,10,1,642998,113,668907,115,20221013,58,8,2,6543,1,4,48,Rød blok
Socialdemokratiet,42175,35431,5016,1728,577,120907,8516,129423,418,141,19,31351,2349,71,843,51,252,514,232,25,16,0,1618668,461,1732670,431,20221013,182,22,7,4836,1,10,153,Rød blok
Socialistisk Folkeparti,25158,21661,2745,752,346,73746,1354,75100,176,0,0,18356,2418,19,152,29,59,628,109,8,7,0,695673,446,715030,446,20221013,231,25,7,9218,1,22,199,Rød blok
Venstre,27679,21978,4642,1059,617,35664,5862,41526,792,323,6,19823,348,59,1431,26,234,57,209,15,9,1,945533,534,990842,527,20221013,132,22,5,2378,1,2,105,Blå blok
Alternativet,4615,3673,714,228,164,4868,438,5306,225,839,2,2988,574,14,49,7,17,24,89,4,12,4,256790,121,262704,125,20221014,52,8,3,1217,0,6,41,Rød blok
Andet,2080,1462,406,212,115,50155,2989,53144,0,1804,8,1214,179,5,23,6,16,19,29,4,0,0,195711,7,205484,23,20221014,72,14,7,12539,1,6,50,Andet
Danmarksdemokraterne,4818,4223,394,201,34,1276,102,1378,91,0,1,3838,269,8,27,2,42,37,37,3,1,0,301566,107,319862,107,20221014,130,11,5,425,1,7,114,Blå blok
Dansk Folkeparti,10250,7873,1368,1009,157,41945,4983,46928,147,20,2,6898,271,23,178,135,322,46,68,4,4,0,562145,62,571887,70,20221014,151,20,15,10486,5,4,116,Blå blok
Enhedslisten,11594,8812,1849,933,186,12716,2489,15205,147,0,2,7570,804,22,199,51,114,52,133,4,9,5,518600,197,534119,231,20221014,87,14,7,3179,1,6,66,Rød blok
Frie Grønne,972,686,186,100,10,7153,1188,8341,25,0,27,538,30,44,48,8,16,2,6,3,1,0,32954,45,35845,45,20221014,162,31,17,2384,3,5,114,Rød blok
Konservative,25232,20121,4426,685,505,39190,2206,41396,289,0,7,17200,1452,74,847,58,281,209,161,10,5,1,636857,285,671253,297,20221014,157,27,4,3919,2,9,125,Blå blok
Kristendemokraterne,649,485,96,68,41,881,712,1593,63,0,2,435,10,0,21,2,11,6,31,4,3,0,64826,33,68324,35,20221014,21,3,2,220,0,0,16,Blå blok
Liberal Alliance,21763,18011,2270,1482,216,144486,29254,173740,392,0,5,17336,385,50,116,14,83,27,71,5,5,3,398332,796,428216,812,20221014,307,32,21,28897,1,5,254,Blå blok
Løsgænger,15,13,2,0,4,0,0,0,0,0,0,13,0,0,0,0,0,0,1,0,0,0,112490,-11,140686,-11,20221014,15,2,0,0,0,0,13,Andet
Moderaterne,4044,3043,819,182,40,7886,788,8674,0,181,1,2893,87,7,38,3,6,9,35,6,0,0,233094,232,235123,245,20221014,116,23,5,1314,0,2,87,Blå blok
Nye Borgerlige,25557,21902,2545,1110,138,18901,3986,22887,665,0,3,20879,517,19,233,20,189,45,70,7,4,2,629820,281,733618,295,20221014,365,36,16,2700,3,7,313,Blå blok
Radikale Venstre,9387,6691,1240,1456,255,18812,2232,21044,50,30,6,5703,497,15,386,8,34,48,100,10,4,1,643040,42,668966,59,20221014,94,12,15,1881,0,5,67,Rød blok
Socialdemokratiet,49490,41949,6087,1454,577,106144,2902,109046,1204,257,7,36800,3212,119,1100,49,266,403,205,16,10,0,1619088,420,1733099,429,20221014,241,30,7,6634,1,16,205,Rød blok
Socialistisk Folkeparti,61024,46834,3577,10613,346,112055,20761,132816,0,95,3,35323,6683,58,328,175,91,4176,111,8,0,0,696364,691,715719,689,20221014,550,32,96,14007,1,60,422,Rød blok
Venstre,23911,17268,5459,1184,617,297742,8361,306103,765,0,14,14412,306,79,1547,34,840,50,188,18,11,0,945860,295,991211,336,20221014,127,29,6,16541,4,2,92,Blå blok
Alternativet,6364,5411,656,297,164,1709,1946,3655,13,14,3,4590,716,7,46,2,18,32,70,6,1,3,256925,135,262741,129,20221015,91,9,4,285,0,10,77,Rød blok
Andet,175,140,21,14,115,52,0,52,0,0,0,133,6,0,0,0,0,1,17,1,0,1,195743,32,205518,34,20221015,10,1,1,52,0,0,8,Andet
Danmarksdemokraterne,10607,9146,1059,402,34,86344,11304,97648,698,0,3,8060,658,9,88,6,67,258,47,5,7,0,301693,127,320004,142,20221015,226,23,9,17269,1,14,195,Blå blok
Dansk Folkeparti,9487,6960,1669,858,157,36542,5677,42219,448,2991,3,6246,524,18,53,28,43,48,64,10,7,0,562293,148,572019,132,20221015,148,26,13,3654,1,8,109,Blå blok
Enhedslisten,9548,7600,1402,546,186,190,283,473,510,0,2,6691,721,10,116,8,23,31,105,4,8,0,518834,234,534317,198,20221015,91,13,5,48,0,7,72,Rød blok
Frie Grønne,2105,1766,277,62,10,1677,24,1701,14,0,0,1573,154,1,27,0,3,8,10,1,1,0,33002,48,35892,47,20221015,211,28,6,1677,0,15,177,Rød blok
Konservative,20437,16489,3062,886,505,169141,7786,176927,2340,35,8,14729,760,33,569,23,263,112,166,22,14,1,637107,250,671499,246,20221015,123,18,5,7688,2,5,99,Blå blok
Kristendemokraterne,930,623,198,109,41,3277,3528,6805,134,158,4,531,33,2,6,4,0,47,26,3,2,1,64857,31,68358,34,20221015,36,8,4,1092,0,1,24,Blå blok
Liberal Alliance,18563,15478,1835,1250,216,197369,29475,226844,15366,0,1,14815,270,32,220,16,117,8,99,6,31,1,398928,596,428803,587,20221015,188,19,13,32895,1,3,156,Blå blok
Løsgænger,324,266,56,2,4,4430,1,4431,0,0,0,252,12,0,1,0,1,0,2,1,0,0,112493,3,140682,-4,20221015,162,28,1,4430,1,6,133,Andet
Moderaterne,1676,1390,225,61,40,2673,1223,3896,20,145,6,1087,61,8,174,0,51,9,26,6,1,0,233351,257,235381,258,20221015,64,9,2,446,2,2,53,Blå blok
Nye Borgerlige,19476,16199,1895,1382,138,138749,8289,147038,121,1479,10,14731,1017,50,173,16,176,36,72,13,5,0,630091,271,733870,252,20221015,271,26,19,10673,2,14,225,Blå blok
Radikale Venstre,4835,4365,393,77,255,6826,355,7181,63,25,3,3696,537,16,38,23,24,31,95,7,6,0,643116,76,669022,56,20221015,51,4,1,975,0,6,46,Rød blok
Socialdemokratiet,37507,32068,4424,1015,577,200833,7093,207926,1623,0,8,28929,1778,42,693,67,282,277,228,24,10,0,1619517,429,1733486,387,20221015,165,19,4,8368,1,8,141,Rød blok
Socialistisk Folkeparti,35307,27235,7443,629,346,169917,1596,171513,919,0,0,21124,4157,38,211,121,105,1479,99,5,8,0,696946,582,716270,551,20221015,357,75,6,33983,1,42,275,Rød blok
Venstre,14862,12074,2212,576,617,50039,11460,61499,874,0,3,10858,285,19,304,180,94,334,160,15,8,1,946203,343,991250,334,20221015,93,14,4,3336,1,2,75,Blå blok
Alternativet,7041,5551,1061,429,164,613,696,1309,99,0,4,4301,827,10,84,149,14,166,80,3,5,2,257082,132,263005,133,20221016,88,13,5,204,0,10,69,Rød blok
Andet,765,669,30,66,115,94,88,182,390,0,6,591,68,0,2,0,1,7,22,1,3,0,195787,44,205563,45,20221016,35,1,3,94,0,3,30,Andet
Danmarksdemokraterne,23488,17016,4826,1646,34,4002,565,4567,71,0,2,15427,778,36,391,30,279,75,62,4,2,0,302026,333,320348,344,20221016,379,78,27,1001,5,13,274,Blå blok
Dansk Folkeparti,12916,9825,1568,1523,157,120181,16547,136728,2099,10,4,8738,748,29,120,26,85,79,79,7,10,0,562378,85,572112,93,20221016,163,20,19,17169,1,9,124,Blå blok
Enhedslisten,7288,5883,762,643,186,23448,1483,24931,422,0,6,5149,552,28,61,20,36,37,107,10,10,5,519014,180,534492,175,20221016,68,7,6,2345,0,5,55,Rød blok
Frie Grønne,1396,1114,207,75,10,4903,656,5559,0,0,0,980,76,5,35,0,10,8,12,3,0,0,33029,27,35915,23,20221016,116,17,6,1634,1,6,93,Rød blok
Konservative,26059,20943,4292,824,505,55212,1166,56378,238,100,6,17904,1028,43,1417,27,426,98,177,12,6,1,637407,300,671780,281,20221016,147,24,5,4601,2,6,118,Blå blok
Kristendemokraterne,1115,820,125,170,41,5144,4337,9481,561,0,11,761,42,2,11,0,0,4,33,4,8,0,64883,26,68382,24,20221016,34,4,5,1286,0,1,25,Blå blok
Liberal Alliance,16413,14300,1172,941,216,122988,37009,159997,1881,0,8,12158,1165,15,828,9,19,106,80,9,22,0,399723,795,429611,808,20221016,205,15,12,13665,0,15,179,Blå blok
Løsgænger,326,252,65,9,4,0,0,0,0,0,0,244,5,0,2,0,0,1,2,0,0,0,112488,-5,140674,-8,20221016,163,33,5,0,0,3,126,Andet
Moderaterne,2618,2048,468,102,40,2595,669,3264,0,284,1,1936,74,5,16,0,11,6,23,5,0,0,233852,501,235899,518,20221016,114,20,4,519,0,3,89,Blå blok
Nye Borgerlige,33609,26432,4592,2585,138,31153,9973,41126,565,4863,2,23720,1711,52,300,166,252,231,75,6,3,0,630301,210,734061,191,20221016,448,61,34,5192,3,23,352,Blå blok
Radikale Venstre,4947,3925,794,228,255,85061,5810,90871,630,123,6,3419,229,20,173,13,19,52,104,12,7,2,643191,75,669072,50,20221016,48,8,2,7088,0,2,38,Rød blok
Socialdemokratiet,40738,33045,6558,1135,577,19714,2462,22176,494,188,6,29401,2030,46,784,45,481,258,187,15,8,1,1619912,395,1733845,359,20221016,218,35,6,1314,3,11,177,Rød blok
Socialistisk Folkeparti,26463,22392,3633,438,346,1893,451,2344,123,0,3,17226,3774,36,296,110,108,842,88,3,3,1,697556,610,716859,589,20221016,301,41,5,631,1,43,254,Rød blok
Venstre,19963,16338,3090,535,617,291206,4380,295586,847,80,5,14780,371,27,934,33,159,34,187,21,18,1,946745,542,992071,524,20221016,107,17,3,13867,1,2,87,Blå blok
Alternativet,4624,3761,536,327,164,622,360,982,125,85,1,2964,473,8,264,11,14,27,99,5,6,6,257209,127,263080,75,20221017,47,5,3,124,0,5,38,Rød blok
Andet,288,228,41,19,115,78,0,78,50,0,6,188,2,2,2,9,23,2,27,1,3,0,195814,27,205572,9,20221017,11,2,1,78,1,0,8,Andet
Danmarksdemokraterne,15273,12565,2175,533,34,50269,13004,63273,40,0,1,10873,633,16,715,74,161,93,46,4,1,0,302260,234,320583,235,20221017,332,47,12,12567,4,14,273,Blå blok
Dansk Folkeparti,4536,3628,531,377,157,13697,1103,14800,109,941,3,3104,314,13,72,26,68,31,58,9,4,0,562537,159,572253,141,20221017,78,9,7,1522,1,5,63,Blå blok
Enhedslisten,16586,11739,4046,801,186,2509,903,3412,213,0,3,8919,696,156,1264,245,393,66,95,6,10,3,519232,218,534629,137,20221017,175,43,8,418,4,7,124,Rød blok
Frie Grønne,3786,2761,742,283,10,18045,8287,26332,161,0,3,1964,214,32,462,12,51,26,18,4,4,0,33074,45,35959,44,20221017,210,41,16,4511,3,12,153,Rød blok
Konservative,15332,12967,1860,505,505,53742,6322,60064,165,402,10,10431,765,55,1350,28,216,122,179,21,4,0,637703,296,672039,259,20221017,86,10,3,2559,1,4,72,Blå blok
Kristendemokraterne,841,617,142,82,41,3735,416,4151,61,0,0,570,20,0,19,0,5,3,34,3,5,0,64920,37,68419,37,20221017,25,4,2,1245,0,1,18,Blå blok
Liberal Alliance,31258,27348,3572,338,216,349663,4649,354312,3388,9,6,25495,1142,38,566,21,42,44,78,8,13,0,400528,805,430390,779,20221017,401,46,4,43708,1,15,351,Blå blok
Løsgænger,1112,953,98,61,4,0,0,0,0,0,0,630,13,0,1,143,5,161,1,0,0,0,112490,2,140669,-5,20221017,1112,98,61,0,5,13,953,Andet
Moderaterne,4125,3457,432,236,40,9092,780,9872,287,75,1,3287,132,1,11,1,5,20,30,5,1,0,234084,232,236132,233,20221017,138,14,8,1818,0,4,115,Blå blok
Nye Borgerlige,23100,18270,2777,2053,138,60014,6389,66403,147,0,12,16839,529,28,622,21,176,55,94,7,5,2,630752,451,734470,409,20221017,246,30,22,8573,2,6,194,Blå blok
Radikale Venstre,12837,9825,2525,487,255,6646,828,7474,49,0,2,8455,758,53,284,34,192,49,103,5,5,1,643323,132,669118,46,20221017,125,25,5,1329,2,7,95,Rød blok
Socialdemokratiet,82888,64363,16316,2209,577,24880,3379,28259,58,0,4,53466,5617,174,2993,175,1230,708,196,12,3,3,1620482,570,1734258,413,20221017,423,83,11,2073,6,29,328,Rød blok
Socialistisk Folkeparti,29079,24217,3742,1120,346,118777,19906,138683,250,38,3,20282,2669,53,614,25,153,421,112,9,5,0,698099,543,717336,477,20221017,260,33,10,13197,1,24,216,Rød blok
Venstre,18520,15358,2579,583,617,67786,4228,72014,807,34,8,14278,278,41,530,33,157,41,199,21,9,0,947177,432,992415,344,20221017,93,13,3,3228,1,1,77,Blå blok
Alternativet,5068,4300,486,282,164,3015,2018,5033,225,0,1,3468,672,7,100,10,15,28,140,4,9,2,257406,189,263281,189,20221018,36,3,2,754,0,5,31,Rød blok
Andet,842,683,58,101,115,0,0,0,57,0,0,519,96,1,1,0,0,66,25,0,2,0,195839,25,205614,42,20221018,34,2,4,0,0,4,27,Andet
Danmarksdemokraterne,10506,8499,1643,364,34,21397,3332,24729,22,0,1,7658,320,20,100,18,60,323,52,9,1,2,302446,186,320788,205,20221018,202,32,7,2377,1,6,163,Blå blok
Dansk Folkeparti,15626,11009,2926,1691,157,15366,2193,17559,380,3404,2,7773,1911,37,452,73,714,49,65,6,3,3,562748,75,572474,73,20221018,240,45,26,2561,11,29,169,Blå blok
Enhedslisten,8157,6509,1070,578,186,4568,1331,5899,232,0,1,5464,515,36,340,12,105,37,117,5,13,5,519364,132,534762,133,20221018,70,9,5,914,1,4,56,Rød blok
Frie Grønne,1548,1208,211,129,10,6093,1105,7198,0,0,2,1040,98,2,57,4,4,3,12,6,0,0,33115,41,35999,40,20221018,129,18,11,1016,0,8,101,Rød blok
Konservative,20419,16118,3652,649,505,76936,2749,79685,584,300,8,14398,753,40,649,46,158,74,203,28,19,0,637950,247,672280,241,20221018,101,18,3,2748,1,4,79,Blå blok
Kristendemokraterne,1538,1139,284,115,41,1771,604,2375,15,0,0,925,24,5,113,8,59,5,43,2,3,0,64946,26,68444,25,20221018,36,7,3,886,1,1,26,Blå blok
Liberal Alliance,21395,17110,1908,2377,216,322085,82460,404545,1390,12,3,11382,766,14,4805,13,103,27,79,4,25,1,401514,986,431374,984,20221018,271,24,30,80521,1,10,217,Blå blok
Løsgænger,1421,1086,300,35,4,0,0,0,0,0,0,969,10,16,35,4,52,0,3,0,0,0,112487,-3,140662,-7,20221018,474,100,12,0,17,3,362,Andet
Moderaterne,3282,2653,472,157,40,10536,3559,14095,226,224,9,2149,86,6,284,1,115,12,46,8,1,0,234331,247,236385,253,20221018,71,10,3,1317,3,2,58,Blå blok
Nye Borgerlige,33103,25285,3208,4610,138,18335,1358,19693,109,4170,8,24011,885,76,136,27,106,44,91,11,3,0,631032,280,734730,260,20221018,364,35,51,1667,1,10,278,Blå blok
Radikale Venstre,6058,4844,951,263,255,3428,184,3612,163,0,3,4005,301,85,234,36,101,82,78,8,4,1,643408,85,669203,85,20221018,78,12,3,429,1,4,62,Rød blok
Socialdemokratiet,26206,21112,3937,1157,577,21575,8992,30567,326,0,3,18314,952,123,741,335,283,364,193,15,13,4,1620907,425,1734668,410,20221018,136,20,6,1438,1,5,109,Rød blok
Socialistisk Folkeparti,19518,16210,2465,843,346,99800,3861,103661,209,0,2,13366,1698,39,200,301,122,484,95,9,5,0,698594,495,717830,494,20221018,205,26,9,11089,1,18,171,Rød blok
Venstre,27114,21803,3481,1830,617,150113,54204,204317,5305,89,6,17375,796,39,3164,32,270,127,195,16,32,1,947678,501,992911,496,20221018,139,18,9,9382,1,4,112,Blå blok
Alternativet,10548,8298,1402,848,164,2129,1999,4128,275,0,1,6561,1342,8,213,14,83,77,108,4,6,1,257592,186,263459,178,20221019,98,13,8,532,1,12,77,Rød blok
Andet,572,506,14,52,115,0,0,0,22,0,0,450,38,0,7,0,2,9,20,0,2,0,195859,20,205643,29,20221019,29,1,3,0,0,2,25,Andet
Danmarksdemokraterne,6709,5824,646,239,34,216,1074,1290,0,0,0,5472,215,2,88,1,28,18,47,1,0,0,302695,249,321026,238,20221019,143,14,5,216,1,5,124,Blå blok
Dansk Folkeparti,11655,8998,1445,1212,157,80078,9279,89357,330,0,6,7836,956,7,61,18,55,65,78,7,14,0,562857,109,572557,83,20221019,149,19,16,11440,1,12,115,Blå blok
Enhedslisten,13406,10339,2251,816,186,8525,815,9340,234,385,3,8836,775,33,360,42,237,56,103,8,8,1,519511,147,534900,138,20221019,130,22,8,1066,2,8,100,Rød blok
Frie Grønne,1141,832,237,72,10,2158,581,2739,14,0,0,717,48,0,31,4,2,30,11,3,1,0,33160,45,36040,41,20221019,104,22,7,719,0,4,76,Rød blok
Konservative,17727,13685,3026,1016,505,85870,941,86811,60,399,15,12222,766,67,399,14,115,102,181,22,3,1,638236,286,672475,195,20221019,98,17,6,3903,1,4,76,Blå blok
Kristendemokraterne,1168,832,255,81,41,12880,1259,14139,103,0,1,745,19,1,24,4,31,8,39,11,5,0,64998,52,68490,46,20221019,30,7,2,1171,1,0,21,Blå blok
Liberal Alliance,9906,8624,959,323,216,41314,3247,44561,429,0,6,8118,239,4,195,11,51,6,83,8,10,1,402220,706,432078,704,20221019,119,12,4,5164,1,3,104,Blå blok
Løsgænger,0,0,0,0,4,0,0,0,0,0,0,0,0,0,0,0,0,0,0,0,0,0,112487,0,140656,-6,20221019,0,0,0,0,0,0,0,Andet
Moderaterne,4254,2815,1307,132,40,11734,1196,12930,0,39,6,2614,79,4,77,9,23,9,32,7,1,1,234541,210,236597,212,20221019,133,41,4,1676,1,2,88,Blå blok
Nye Borgerlige,29832,22999,3529,3304,138,10750,3641,14391,527,0,7,21243,1437,17,166,12,78,46,76,6,3,0,631514,482,735162,432,20221019,393,46,43,1792,1,19,303,Blå blok
Radikale Venstre,5609,4795,596,218,255,890,17,907,72,6,2,4088,365,6,235,8,36,57,69,4,2,1,643507,99,669287,84,20221019,81,9,3,223,1,5,69,Rød blok
Socialdemokratiet,36904,28828,6940,1136,577,29524,3298,32822,381,203,27,24893,1349,57,1377,165,678,309,209,17,8,2,1621271,364,1734980,312,20221019,177,33,5,1737,3,6,138,Rød blok
Socialistisk Folkeparti,68998,59015,7766,2217,346,42658,657,43315,208,0,2,47943,7520,173,604,664,291,1820,146,7,6,0,699145,551,718364,534,20221019,473,53,15,6094,2,52,404,Rød blok
Venstre,19350,15470,3170,710,617,142102,2164,144266,1635,27,2,13982,280,38,670,269,170,61,189,14,20,0,948117,439,993295,384,20221019,102,17,4,10150,1,1,82,Blå blok
Alternativet,8969,7318,998,653,164,77184,4090,81274,152,0,3,5824,1228,10,49,19,22,166,113,7,8,0,257832,240,263708,249,20221020,79,9,6,11026,0,11,65,Rød blok
Andet,1091,821,164,106,115,3930,379,4309,0,0,1,756,19,8,7,1,16,14,22,2,0,0,195866,7,205645,2,20221020,50,7,5,1965,1,1,37,Andet
Danmarksdemokraterne,11393,9285,1635,473,34,5125,2562,7687,212,0,4,8594,290,15,68,21,50,247,66,5,1,0,302964,269,321310,284,20221020,173,25,7,1025,1,4,141,Blå blok
Dansk Folkeparti,11307,8617,1661,1029,157,159356,4584,163940,812,0,5,7501,534,13,198,89,177,105,89,6,16,0,563013,156,572720,163,20221020,127,19,12,26559,2,6,97,Blå blok
Enhedslisten,15918,12014,1899,2005,186,4551,1321,5872,174,0,6,10180,948,27,455,39,297,68,121,5,7,3,519632,121,535015,115,20221020,132,16,17,910,2,8,99,Rød blok
Frie Grønne,3335,2068,943,324,10,12544,2868,15412,25,749,0,1675,181,4,62,93,27,26,12,4,1,0,33197,37,36072,32,20221020,278,79,27,3136,2,15,172,Rød blok
Konservative,31425,24613,5784,1028,505,113487,2826,116313,236,266,15,20861,988,127,1048,474,421,694,238,33,12,0,638597,361,672830,355,20221020,132,24,4,3439,2,4,103,Blå blok
Kristendemokraterne,886,722,77,87,41,995,162,1157,57,0,2,697,9,2,5,1,4,4,50,4,5,0,65029,31,68519,29,20221020,18,2,2,249,0,0,14,Blå blok
Liberal Alliance,24014,18926,2455,2633,216,15431,7254,22685,1197,0,4,18209,321,87,108,53,137,11,96,4,5,1,402893,669,432745,663,20221020,250,26,27,3858,1,3,197,Blå blok
Løsgænger,405,366,19,20,4,0,0,0,0,0,0,357,2,3,0,0,3,1,1,0,0,0,112487,0,140651,-5,20221020,405,19,20,0,3,2,366,Andet
Moderaterne,3964,3010,810,144,40,1471,440,1911,9,62,2,2847,62,3,52,4,21,21,27,4,1,0,234744,203,236801,204,20221020,147,30,5,368,1,2,111,Blå blok
Nye Borgerlige,21429,17969,1893,1567,138,98082,11905,109987,249,126,10,17208,512,12,113,12,65,47,84,16,6,0,631917,403,735553,391,20221020,255,23,19,6130,1,6,214,Blå blok
Radikale Venstre,7294,5654,879,761,255,2733,2470,5203,13,73,10,4667,350,15,71,261,132,158,97,8,1,1,643591,84,669357,70,20221020,75,9,8,342,1,4,58,Rød blok
Socialdemokratiet,39920,30620,8038,1262,577,12925,1369,14294,200,0,14,27234,1506,50,604,97,352,777,213,15,9,0,1621653,382,1735325,345,20221020,187,38,6,862,2,7,144,Rød blok
Socialistisk Folkeparti,39050,31091,4826,3133,346,70996,15997,86993,55,0,5,26580,3240,41,325,226,219,460,133,9,5,1,699606,461,718804,440,20221020,294,36,24,7888,2,24,234,Rød blok
Venstre,24805,19870,3830,1105,617,116560,2135,118695,639,31,1,17532,542,70,897,175,521,133,217,14,14,0,948653,536,993846,551,20221020,114,18,5,8326,2,2,92,Blå blok
Alternativet,12649,10651,1410,588,164,9532,432,9964,190,0,3,8392,1655,16,190,56,152,190,117,7,12,1,258012,180,263899,191,20221021,108,12,5,1362,1,14,91,Rød blok
Andet,463,406,41,16,115,1527,15,1542,0,0,0,370,26,3,1,0,2,4,23,2,0,0,195899,33,205675,30,20221021,20,2,1,764,0,1,18,Andet
Danmarksdemokraterne,8959,7808,821,330,34,1160,444,1604,357,0,3,7232,392,12,91,5,35,41,67,4,1,0,303122,158,321473,163,20221021,134,12,5,290,1,6,117,Blå blok
Dansk Folkeparti,5769,4641,732,396,157,22213,1162,23375,142,0,1,4067,290,10,163,2,70,39,74,4,6,2,563121,108,572824,104,20221021,78,10,5,5553,1,4,63,Blå blok
Enhedslisten,13499,11417,1221,861,186,16651,4247,20898,477,0,5,10384,671,27,201,18,75,41,136,8,10,4,519865,233,535246,231,20221021,99,9,6,2081,1,5,84,Rød blok
Frie Grønne,1699,1281,320,98,10,15815,1076,16891,40,0,0,1139,98,1,21,1,10,11,11,2,2,0,33223,26,36101,29,20221021,154,29,9,7908,1,9,116,Rød blok
Konservative,27692,21053,6034,605,505,147220,3951,151171,2466,168,13,12294,799,81,400,1100,223,6156,162,29,13,0,639167,570,673394,564,20221021,171,37,4,5077,1,5,130,Blå blok
Kristendemokraterne,797,515,130,152,41,7375,2425,9800,52,0,5,482,17,2,8,1,3,2,34,3,4,0,65069,40,68558,39,20221021,23,4,4,2458,0,1,15,Blå blok
Liberal Alliance,8364,7235,798,331,216,5673,186,5859,3716,0,11,6764,269,29,105,19,42,7,79,6,9,2,403621,728,433465,720,20221021,106,10,4,946,1,3,92,Blå blok
Løsgænger,243,194,47,2,4,0,0,0,0,0,0,149,3,6,32,2,2,0,1,0,0,0,112488,1,140650,-1,20221021,243,47,2,0,2,3,194,Andet
Moderaterne,3042,2248,595,199,40,21652,2040,23692,38,281,3,1977,146,3,40,2,17,63,44,8,2,1,234932,188,237005,204,20221021,69,14,5,2707,0,3,51,Blå blok
Nye Borgerlige,37465,30687,3667,3111,138,45153,2926,48079,236,53,5,28900,876,77,358,40,375,61,121,12,4,0,632296,379,735905,352,20221021,310,30,26,3763,3,7,254,Blå blok
Radikale Venstre,7267,6068,821,378,255,1352,2104,3456,813,0,4,5221,400,12,290,11,59,75,91,5,7,0,643671,80,669433,76,20221021,80,9,4,270,1,4,67,Rød blok
Socialdemokratiet,42286,34597,6503,1186,577,94790,5472,100262,657,0,23,30254,2109,54,1270,62,562,286,244,24,14,1,1622064,411,1735690,365,20221021,173,27,5,3950,2,9,142,Rød blok
Socialistisk Folkeparti,39607,32135,4236,3236,346,52341,2455,54796,89,39,4,25611,3837,79,449,546,610,1003,121,9,4,0,700059,453,719264,460,20221021,327,35,27,5816,5,32,266,Rød blok
Venstre,21253,16878,3613,762,617,130974,7428,138402,584,155,18,14345,554,60,1193,43,425,258,197,18,11,2,949079,426,994263,417,20221021,108,18,4,7276,2,3,86,Blå blok
Alternativet,7261,6069,785,407,164,2958,818,3776,78,0,4,4930,856,43,127,19,64,30,100,11,9,12,258274,262,264171,272,20221022,73,8,4,269,1,9,61,Rød blok
Andet,1314,1031,174,109,115,27978,1248,29226,0,1056,6,871,83,1,20,8,36,12,25,2,0,0,195920,21,205683,8,20221022,53,7,4,13989,1,3,41,Andet
Danmarksdemokraterne,12861,10648,1756,457,34,5505,1316,6821,99,0,2,9926,276,15,197,8,96,130,68,7,1,0,303395,273,321761,288,20221022,189,26,7,786,1,4,157,Blå blok
Dansk Folkeparti,7953,6477,824,652,157,3393,1100,4493,122,0,0,5995,344,15,46,3,48,26,71,5,2,0,563231,110,572986,162,20221022,112,12,9,679,1,5,91,Blå blok
Enhedslisten,13595,11329,1399,867,186,1980,187,2167,314,0,2,10102,680,28,233,22,190,74,131,4,5,3,520103,238,535466,220,20221022,104,11,7,495,1,5,86,Rød blok
Frie Grønne,1744,1477,205,62,10,146,0,146,0,0,0,1322,124,3,18,0,4,6,13,1,0,0,33254,31,36130,29,20221022,134,16,5,146,0,10,114,Rød blok
Konservative,24669,16554,3070,5045,505,217492,113064,330556,272,146,11,13712,702,42,1723,27,259,89,136,20,4,0,639552,385,673830,436,20221022,181,23,37,10875,2,5,122,Blå blok
Kristendemokraterne,1685,1226,312,147,41,2334,1058,3392,213,0,12,889,27,2,166,14,79,49,45,3,12,1,65108,39,68593,35,20221022,37,7,3,778,2,1,27,Blå blok
Liberal Alliance,27401,24926,1890,585,216,88370,5123,93493,101,0,13,23150,1495,30,173,18,31,29,99,10,6,1,404287,666,434116,651,20221022,277,19,6,8837,0,15,252,Blå blok
Løsgænger,1040,693,327,20,4,12274,9,12283,0,0,0,572,104,1,2,1,1,12,3,1,0,0,112471,-17,140622,-28,20221022,347,109,7,12274,0,35,231,Andet
Moderaterne,5761,4835,761,165,40,3453,1970,5423,0,318,2,4552,142,6,76,2,40,17,31,8,0,0,235153,221,237222,217,20221022,186,25,5,432,1,5,156,Blå blok
Nye Borgerlige,19301,15870,2166,1265,138,10945,5223,16168,22899,0,3,14752,534,24,232,57,231,40,84,3,2,1,632576,280,736185,280,20221022,230,26,15,3648,3,6,189,Blå blok
Radikale Venstre,4561,3768,511,282,255,19377,4965,24342,1581,0,64,3333,265,8,26,84,23,29,82,10,3,0,643724,53,669474,41,20221022,56,6,3,1938,0,3,46,Rød blok
Socialdemokratiet,58736,45011,12093,1632,577,54343,8259,62602,843,2503,24,38228,2736,71,2538,109,993,336,294,22,12,2,1622456,392,1736027,337,20221022,200,41,6,2470,3,9,153,Rød blok
Socialistisk Folkeparti,29964,25344,3259,1361,346,4980,373,5353,62,0,0,20658,2211,74,1788,57,271,285,117,6,2,0,700751,692,719917,653,20221022,256,28,12,830,2,19,217,Rød blok
Venstre,11674,9840,1393,441,617,35352,769,36121,1104,0,7,9128,256,17,206,44,120,69,164,17,6,1,949423,344,994606,343,20221022,71,8,3,2080,1,2,60,Blå blok
Alternativet,6218,4645,1023,550,164,2389,1681,4070,256,10,3,3703,608,3,240,6,42,43,96,6,5,1,258511,237,264386,215,20221023,65,11,6,398,0,6,48,Rød blok
Andet,2335,1551,639,145,115,159062,3845,162907,24,4349,6,1100,177,13,127,7,111,16,18,4,2,0,195917,-3,205661,-22,20221023,130,36,8,39766,6,10,86,Andet
Danmarksdemokraterne,19034,13805,4038,1191,34,2390,42,2432,25,0,0,13265,150,19,161,40,145,25,74,3,1,0,303848,453,322224,463,20221023,257,55,16,797,2,2,187,Blå blok
Dansk Folkeparti,14645,12304,1370,971,157,20441,2892,23333,443,0,4,8931,3123,26,35,35,110,44,84,10,6,0,563369,138,573074,88,20221023,174,16,12,2044,1,37,146,Blå blok
Enhedslisten,15972,12478,2785,709,186,386,214,600,156,0,6,10132,841,68,444,39,421,533,121,4,6,0,520365,262,535727,261,20221023,132,23,6,97,3,7,103,Rød blok
Frie Grønne,1343,992,239,112,10,3812,971,4783,93,0,1,880,54,1,41,1,7,8,15,5,4,0,33287,33,36163,33,20221023,90,16,7,762,0,4,66,Rød blok
Konservative,16967,13675,2659,633,505,75056,4062,79118,253,264,17,12060,838,39,389,37,169,143,174,26,9,1,639814,262,673998,168,20221023,98,15,4,2887,1,5,79,Blå blok
Kristendemokraterne,913,658,128,127,41,1066,1220,2286,73,268,0,563,49,2,29,0,12,3,35,1,7,0,65150,42,68632,39,20221023,26,4,4,1066,0,1,19,Blå blok
Liberal Alliance,14998,12900,1448,650,216,80397,12668,93065,1362,0,6,12413,273,15,109,8,70,12,82,13,7,1,404785,498,434593,477,20221023,183,18,8,6184,1,3,157,Blå blok
Løsgænger,73,64,9,0,4,0,0,0,0,0,0,62,1,0,0,0,0,1,1,0,0,0,112464,-7,140610,-12,20221023,73,9,0,0,0,1,64,Andet
Moderaterne,1007,795,110,102,40,3446,1030,4476,0,395,3,712,60,1,6,0,1,15,26,5,0,1,235315,162,237397,175,20221023,39,4,4,689,0,2,31,Blå blok
Nye Borgerlige,28919,23296,2698,2925,138,217437,24145,241582,3016,0,6,20937,1262,33,698,65,256,45,74,14,12,2,632903,327,736462,277,20221023,391,36,40,15531,3,17,315,Blå blok
Radikale Venstre,3012,2632,277,103,255,9829,1398,11227,107,4,3,2341,210,7,48,4,11,11,101,10,6,0,643791,67,669535,61,20221023,30,3,1,983,0,2,26,Rød blok
Socialdemokratiet,58651,50582,6833,1236,577,52619,6208,58827,1895,345,19,43950,4392,45,1200,35,353,607,239,32,19,1,1622769,313,1736308,281,20221023,245,29,5,1644,1,18,212,Rød blok
Socialistisk Folkeparti,23203,19252,2915,1036,346,39895,1752,41647,949,0,0,13756,2005,49,2969,94,84,295,106,5,7,2,701608,857,720763,846,20221023,219,28,10,7979,1,19,182,Rød blok
Venstre,15931,13364,1904,663,617,93975,8538,102513,429,0,9,12103,298,29,657,27,204,46,187,26,12,2,949803,380,995001,395,20221023,85,10,4,3614,1,2,71,Blå blok
Alternativet,9732,7899,1205,628,164,25825,3908,29733,84,0,9,6234,1109,9,424,10,44,69,125,11,8,1,258747,236,264626,240,20221024,78,10,5,2348,0,9,63,Rød blok
Andet,786,667,58,61,115,540,0,540,7,0,6,565,86,0,3,0,2,11,13,2,1,0,195963,46,205699,38,20221024,60,4,5,270,0,7,51,Andet
Danmarksdemokraterne,14601,11808,1888,905,34,5892,1944,7836,159,0,14,11271,191,51,71,22,182,20,59,6,3,0,304115,267,322502,278,20221024,247,32,15,982,3,3,200,Blå blok
Dansk Folkeparti,11504,8897,1253,1354,157,69103,13507,82610,31,0,2,8204,488,15,63,21,60,46,65,9,2,0,563481,112,573182,108,20221024,177,19,21,7678,1,8,137,Blå blok
Enhedslisten,19999,16682,2152,1165,186,112199,7442,119641,99,0,2,13645,2624,55,177,14,77,90,112,9,7,2,520817,452,536184,457,20221024,179,19,10,12467,1,23,149,Rød blok
Frie Grønne,3865,2387,1282,196,10,22031,2461,24492,56,0,1,1487,83,12,633,0,161,11,12,3,2,0,33313,26,36188,25,20221024,322,107,16,7344,13,7,199,Rød blok
Konservative,17252,14154,2410,688,505,124247,3878,128125,307,272,10,12300,703,98,572,94,169,218,201,29,13,0,640097,283,674280,282,20221024,86,12,3,4284,1,3,70,Blå blok
Kristendemokraterne,1095,846,164,85,41,11706,1338,13044,17,104,6,815,10,0,18,1,2,0,48,8,1,0,65187,37,68666,34,20221024,23,3,2,1463,0,0,18,Blå blok
Liberal Alliance,20357,17914,1503,940,216,80043,13364,93407,4841,0,3,16110,973,22,660,6,68,75,87,9,10,0,405373,588,435188,595,20221024,234,17,11,8894,1,11,206,Blå blok
Løsgænger,1212,954,216,42,4,0,0,0,0,0,0,855,8,6,5,41,39,0,2,0,0,0,112469,5,140611,1,20221024,606,108,21,0,20,4,477,Andet
Moderaterne,4455,3222,1065,168,40,3357,1153,4510,133,90,5,1917,96,17,897,17,270,8,35,8,2,0,235452,137,237537,140,20221024,127,30,5,420,8,3,92,Blå blok
Nye Borgerlige,40193,33084,4105,3004,138,50420,22659,73079,1324,0,12,30504,938,86,1190,44,263,59,104,11,12,0,633092,189,736588,126,20221024,386,39,29,4584,3,9,318,Blå blok
Radikale Venstre,11234,8885,1874,475,255,14829,2787,17616,1357,2,2,7077,682,27,609,28,258,204,139,13,5,1,643907,116,669641,106,20221024,81,13,3,1141,2,5,64,Rød blok
Socialdemokratiet,47252,38918,6016,2318,577,70481,14987,85468,1097,0,28,35049,1867,72,1402,63,281,184,299,37,15,3,1623007,238,1736557,249,20221024,158,20,8,1905,1,6,130,Rød blok
Socialistisk Folkeparti,37673,31317,4490,1866,346,41861,1220,43081,754,0,2,25603,4428,46,495,93,301,351,123,8,10,2,702260,652,721420,657,20221024,306,37,15,5233,2,36,255,Rød blok
Venstre,20697,17585,2255,857,617,110710,5102,115812,631,0,8,16046,548,32,653,40,207,59,215,19,16,1,950185,382,995381,380,20221024,96,10,4,5827,1,3,82,Blå blok
Alternativet,6596,5418,659,519,164,4137,1014,5151,105,9,13,4452,703,5,153,7,82,16,145,9,13,7,258979,232,264863,237,20221026,45,5,4,460,1,5,37,Rød blok
Andet,1262,929,235,98,115,25854,257,26111,16,2189,0,797,70,6,20,4,26,6,33,2,2,0,196000,37,205732,33,20221026,38,7,3,12927,1,2,28,Andet
Danmarksdemokraterne,23664,17836,3685,2143,34,23998,281,24279,60,0,2,15479,1040,19,212,48,405,633,69,6,1,2,304429,314,322838,336,20221026,343,53,31,4000,6,15,258,Blå blok
Dansk Folkeparti,17356,13414,1918,2024,157,140564,12591,153155,3137,0,19,11292,959,18,528,14,68,535,83,13,8,0,563631,150,573336,154,20221026,209,23,24,10813,1,12,162,Blå blok
Enhedslisten,20562,17237,2452,873,186,20854,3163,24017,1828,344,2,14341,2035,36,442,82,141,160,149,13,18,2,521195,378,536565,381,20221026,138,16,6,1604,1,14,116,Rød blok
Frie Grønne,2751,2007,631,113,10,79803,1663,81466,50,0,2,1352,142,3,430,6,61,13,10,4,1,0,33356,43,36225,37,20221026,275,63,11,19951,6,14,201,Rød blok
Konservative,44366,32033,6121,6212,505,385513,8706,394219,634,23,52,27938,2278,56,800,57,357,547,284,31,29,1,640479,382,674635,355,20221026,156,22,22,12436,1,8,113,Blå blok
Kristendemokraterne,1632,1206,263,163,41,1151,565,1716,2,0,1,1085,41,3,58,1,11,7,43,5,1,0,65203,16,68685,19,20221026,38,6,4,230,0,1,28,Blå blok
Liberal Alliance,17552,15012,1574,966,216,101998,20912,122910,350,0,14,14137,423,130,206,31,71,14,91,5,7,1,406041,668,435845,657,20221026,193,17,11,20400,1,5,165,Blå blok
Løsgænger,0,0,0,0,4,0,0,0,0,0,0,0,0,0,0,0,0,0,0,0,0,0,112474,5,140605,-6,20221026,0,0,0,0,0,0,0,Andet
Moderaterne,3290,2463,700,127,40,2366,1431,3797,95,0,2,2310,57,4,49,6,32,5,26,5,2,0,235592,140,237670,133,20221026,127,27,5,473,1,2,95,Blå blok
Nye Borgerlige,22821,18082,2672,2067,138,95241,27899,123140,252,0,7,17078,331,108,200,46,285,34,89,7,3,2,633423,331,736867,279,20221026,256,30,23,13606,3,4,203,Blå blok
Radikale Venstre,7746,6685,826,235,255,29409,2578,31987,1765,0,14,5714,662,7,126,19,63,94,102,9,6,2,644009,102,669731,90,20221026,76,8,2,3268,1,6,66,Rød blok
Socialdemokratiet,43022,34849,6487,1686,577,162652,5764,168416,2865,0,26,30501,1978,78,1504,37,399,352,288,31,16,0,1623401,394,1736851,294,20221026,149,23,6,5247,1,7,121,Rød blok
Socialistisk Folkeparti,36970,31240,3985,1745,346,94764,2157,96921,144,0,1,25886,3769,49,453,54,155,874,134,10,5,0,702961,701,722102,682,20221026,276,30,13,9476,1,28,233,Rød blok
Venstre,22845,18075,3923,847,617,124575,4063,128638,899,81,6,15632,336,77,1452,44,467,67,247,23,22,2,950517,332,995723,342,20221026,92,16,3,5416,2,1,73,Blå blok
Alternativet,14456,11769,1540,1147,164,2823,782,3605,75,20,20,9293,2013,23,345,12,40,43,170,8,9,7,259228,249,265105,242,20221026,85,9,7,353,0,12,69,Rød blok
Andet,511,336,33,142,115,475,235,710,18,24,0,320,3,0,4,0,5,4,30,3,4,0,196041,41,205762,30,20221026,17,1,5,158,0,0,11,Andet
Danmarksdemokraterne,7539,6411,735,393,34,17461,6402,23863,276,0,1,6056,161,10,138,8,28,10,68,9,5,0,304653,224,323080,242,20221026,111,11,6,1940,0,2,94,Blå blok
Dansk Folkeparti,9047,6889,1171,987,157,51942,4549,56491,95,0,13,6204,390,17,127,27,71,53,87,6,1,0,563826,195,573525,189,20221026,104,13,11,8657,1,4,79,Blå blok
Enhedslisten,14002,11711,1574,717,186,11699,2131,13830,254,0,7,9488,1580,39,358,17,122,107,142,11,12,0,521427,232,536778,213,20221026,99,11,5,1064,1,11,82,Rød blok
Frie Grønne,2441,1956,335,150,10,6032,451,6483,57,0,0,1669,213,1,59,5,2,7,21,3,3,0,33405,49,36273,48,20221026,116,16,7,2011,0,10,93,Rød blok
Konservative,22780,19053,2949,778,505,78070,2207,80277,472,76,20,15891,1313,69,941,39,229,571,273,33,20,2,641197,718,675327,692,20221026,83,11,3,2366,1,5,70,Blå blok
Kristendemokraterne,1244,972,155,117,41,5544,1230,6774,109,27,12,842,35,2,47,1,39,6,60,10,5,0,65232,29,68716,31,20221026,21,3,2,554,1,1,16,Blå blok
Liberal Alliance,14871,13067,958,846,216,79450,20243,99693,341,0,7,12253,355,14,352,7,68,18,87,12,11,0,406696,655,436503,658,20221026,171,11,10,6621,1,4,150,Blå blok
Løsgænger,1935,1608,223,104,4,0,0,0,0,0,0,1255,65,1,6,137,5,139,3,0,0,0,112469,-5,140588,-17,20221026,645,74,35,0,2,22,536,Andet
Moderaterne,4193,2906,1115,172,40,7122,700,7822,123,7,5,2617,76,4,152,6,46,5,36,6,2,0,235723,131,237807,137,20221026,116,31,5,1187,1,2,81,Blå blok
Nye Borgerlige,32133,25865,3316,2952,138,15489,4653,20142,805,0,8,21147,460,49,3755,57,361,36,100,5,11,4,633800,377,737212,345,20221026,321,33,30,3098,4,5,259,Blå blok
Radikale Venstre,7697,6364,1036,297,255,19048,1800,20848,1516,0,9,4922,638,11,361,116,125,191,122,13,10,0,644136,127,669853,122,20221026,63,8,2,1465,1,5,52,Rød blok
Socialdemokratiet,48764,38207,8492,2065,577,104473,14806,119279,4640,4735,17,32390,2175,64,2348,85,864,281,354,32,20,1,1623808,407,1737219,368,20221026,138,24,6,3265,2,6,108,Rød blok
Socialistisk Folkeparti,48840,40432,5718,2690,346,196001,1562,197563,71,0,1,32851,5205,113,1145,34,196,888,129,13,4,0,703692,731,722823,721,20221026,379,44,21,15077,2,40,313,Rød blok
Venstre,21302,17520,2600,1182,617,221285,10817,232102,358,0,19,15995,343,32,913,12,203,22,221,28,20,3,950924,407,996103,380,20221026,96,12,5,7903,1,2,79,Blå blok
Alternativet,8011,6476,944,591,164,16157,1035,17192,109,31,5,4994,893,122,129,58,160,120,116,13,10,0,259430,202,265329,224,20221027,69,8,5,1243,1,8,56,Rød blok
Andet,349,297,26,26,115,240,0,240,85,4,0,267,23,0,0,1,1,5,30,2,2,1,196057,16,205780,18,20221027,12,1,1,120,0,1,10,Andet
Danmarksdemokraterne,15219,12066,2186,967,34,1488,531,2019,56,0,0,10982,729,17,188,10,87,53,81,3,1,1,304819,166,323266,186,20221027,188,27,12,496,1,9,149,Blå blok
Dansk Folkeparti,20907,16306,2869,1732,157,49805,2050,51855,1020,0,3,15069,800,19,210,41,114,53,102,5,9,0,563968,142,573650,125,20221027,205,28,17,9961,1,8,160,Blå blok
Enhedslisten,13887,11477,1731,679,186,15406,1384,16790,265,1,4,9943,1000,16,282,21,113,102,162,10,12,3,521540,113,536974,196,20221027,86,11,4,1541,1,6,71,Rød blok
Frie Grønne,1976,1467,407,102,10,3192,164,3356,0,0,1,1219,116,4,52,24,43,9,12,5,0,0,33446,41,36311,38,20221027,165,34,9,638,4,10,122,Rød blok
Konservative,22092,18422,2734,936,505,72310,2697,75007,285,249,20,15655,1594,22,552,87,243,269,228,38,13,2,641516,319,675639,312,20221027,97,12,4,1903,1,7,81,Blå blok
Kristendemokraterne,1513,1233,175,105,41,606,126,732,93,0,3,1117,27,4,54,2,27,2,66,4,5,0,65284,52,68765,49,20221027,23,3,2,152,0,0,19,Blå blok
Liberal Alliance,12090,10420,1198,472,216,52208,4805,57013,208,0,13,8981,420,40,892,7,69,11,97,10,10,2,407347,651,437138,635,20221027,125,12,5,5221,1,4,107,Blå blok
Løsgænger,0,0,0,0,4,0,0,0,0,0,0,0,0,0,0,0,0,0,0,0,0,0,112463,-6,140571,-17,20221027,0,0,0,0,0,0,0,Andet
Moderaterne,8827,5628,2247,952,40,101467,37692,139159,3332,0,20,5201,123,20,154,12,105,13,48,4,8,2,235906,183,237990,183,20221027,184,47,20,25367,2,3,117,Blå blok
Nye Borgerlige,22521,19116,1964,1441,138,63393,6223,69616,355,0,13,17738,778,15,331,10,161,83,97,16,10,0,634044,244,737423,211,20221027,232,20,15,3962,2,8,197,Blå blok
Radikale Venstre,8372,6860,1106,406,255,18401,947,19348,99,45,7,5736,438,36,454,65,78,53,143,15,8,2,644211,75,669923,70,20221027,59,8,3,1227,1,3,48,Rød blok
Socialdemokratiet,47715,38067,6995,2653,577,200957,9197,210154,1094,0,26,33293,1778,210,1419,130,931,306,337,32,28,1,1624170,362,1737582,363,20221027,142,21,8,6280,3,5,113,Rød blok
Socialistisk Folkeparti,45761,38929,4746,2086,346,23188,833,24021,298,0,2,35279,2661,63,374,77,231,244,172,12,7,0,704279,587,723435,612,20221027,266,28,12,1932,1,15,226,Rød blok
Venstre,19714,15253,3066,1395,617,134830,6805,141635,892,0,12,13456,277,44,1116,31,293,36,244,29,18,1,951272,348,996404,301,20221027,81,13,6,4649,1,1,63,Blå blok
Alternativet,10612,8984,801,827,164,27641,1020,28661,106,37,7,7436,1407,18,54,5,17,47,129,10,15,1,259714,284,265370,285,20221028,82,6,6,2764,0,11,70,Rød blok
Andet,742,635,51,56,115,0,0,0,43,0,0,573,55,2,1,2,2,0,26,0,4,0,196087,30,205830,50,20221028,29,2,2,0,0,2,24,Andet
Danmarksdemokraterne,13921,10644,2375,902,34,19731,2277,22008,161,6124,2,9386,965,24,99,12,66,92,85,8,4,0,305035,216,322743,199,20221028,164,28,11,2466,1,11,125,Blå blok
Dansk Folkeparti,9484,7044,1447,993,158,47349,1839,49188,593,1669,6,6035,666,13,79,18,202,31,108,8,13,1,569079,198,578743,193,20221028,88,13,9,5919,2,6,65,Blå blok
Enhedslisten,23999,19984,1833,2182,186,3250,508,3758,3319,0,4,16824,2249,30,635,42,89,115,163,10,18,4,521759,219,537207,233,20221028,147,11,13,325,1,14,123,Rød blok
Frie Grønne,1754,1363,294,97,10,0,0,0,28,0,0,1137,132,1,75,3,11,4,14,0,2,0,33499,53,36023,52,20221028,125,21,7,0,1,9,97,Rød blok
Konservative,18745,14548,2625,1572,507,78551,20599,99150,698,196,21,12648,837,41,284,351,133,254,251,43,14,2,643033,375,677055,381,20221028,75,10,6,1827,1,3,58,Blå blok
Kristendemokraterne,2246,1684,415,147,42,884,581,1465,61,40,3,1623,25,3,17,1,14,1,59,11,4,0,65414,37,68896,38,20221028,38,7,2,80,0,0,29,Blå blok
Liberal Alliance,11611,10184,849,578,218,105336,10320,115656,510,0,7,9173,470,2,460,3,59,17,144,12,32,3,408687,642,438299,651,20221028,81,6,4,8778,0,3,71,Blå blok
Løsgænger,0,0,0,0,4,0,0,0,0,0,0,0,0,0,0,0,0,0,0,0,0,0,112461,-2,140570,-1,20221028,0,0,0,0,0,0,0,Andet
Moderaterne,1515,1054,274,187,40,5038,2319,7357,72,0,3,989,42,0,15,0,3,5,37,4,3,0,236190,284,238182,297,20221028,41,7,5,1260,0,1,28,Blå blok
Nye Borgerlige,25189,21193,2307,1689,138,69599,6249,75848,387,2365,14,19140,1543,24,316,14,94,62,111,11,5,1,634359,315,737692,292,20221028,227,21,15,6327,1,14,191,Blå blok
Radikale Venstre,5297,4446,590,261,255,14502,1377,15879,173,56,8,3923,348,10,62,0,14,89,121,14,6,2,644306,95,670015,99,20221028,44,5,2,1036,0,3,37,Rød blok
Socialdemokratiet,42550,35116,5498,1936,577,31716,9256,40972,1193,1131,26,30829,2395,46,1115,45,243,443,319,41,27,2,1624733,563,1738112,561,20221028,133,17,6,774,1,8,110,Rød blok
Socialistisk Folkeparti,24893,20822,3086,985,347,17305,1900,19205,289,146,5,16389,3738,104,131,36,192,232,154,14,9,1,705623,476,724848,505,20221028,162,20,6,1236,1,24,135,Rød blok
Venstre,20412,15496,3719,1197,617,47735,4864,52599,393,261,8,13229,334,50,978,28,858,19,257,42,14,1,951661,389,996802,449,20221028,79,14,5,1137,3,1,60,Blå blok
Alternativet,9603,8041,990,572,164,49995,5033,55028,362,171,11,6262,1254,6,426,8,40,45,147,22,18,0,260056,340,265949,334,20221029,65,7,4,2273,0,9,55,Rød blok
Andet,2815,2012,342,461,115,69386,1863,71249,21,0,96,1008,43,6,67,641,28,219,38,3,1,0,196124,37,205907,77,20221029,74,9,12,23129,1,1,53,Andet
Danmarksdemokraterne,23304,17924,4091,1289,34,2386,417,2803,21,0,6,15812,1550,16,226,17,151,152,77,8,1,0,305273,238,323702,216,20221029,303,53,17,298,2,20,233,Blå blok
Dansk Folkeparti,12431,9681,1516,1234,157,36221,5047,41268,723,1844,13,8326,901,19,190,13,172,60,87,20,3,0,564354,173,574012,151,20221029,143,17,14,1811,2,10,111,Blå blok
Enhedslisten,20130,15308,2674,2148,186,90857,7262,98119,795,219,7,12847,1328,61,701,47,244,80,158,13,22,1,521961,202,537403,196,20221029,127,17,14,6989,2,8,97,Rød blok
Frie Grønne,4741,3432,1001,308,10,26088,2694,28782,22,0,2,2634,391,2,331,4,50,20,12,4,1,0,33545,46,36404,43,20221029,395,83,26,6522,4,33,286,Rød blok
Konservative,17219,14828,1890,501,505,52220,1029,53249,256,299,21,12987,1021,30,502,16,175,97,231,37,15,0,642202,315,676266,251,20221029,75,8,2,1411,1,4,64,Blå blok
Kristendemokraterne,1392,1108,107,177,41,3014,1537,4551,202,120,2,1032,34,1,18,3,18,2,48,4,9,0,65349,29,68821,19,20221029,29,2,4,754,0,1,23,Blå blok
Liberal Alliance,27020,23306,1849,1865,216,48704,29858,78562,6191,0,13,22559,468,27,165,15,53,19,123,7,25,0,408668,681,438475,683,20221029,220,15,15,6958,0,4,189,Blå blok
Løsgænger,270,224,43,3,4,0,0,0,0,0,0,206,3,0,11,0,3,1,3,0,0,0,112461,0,140567,-3,20221029,90,14,1,0,1,1,75,Andet
Moderaterne,4376,3490,746,140,40,838,506,1344,128,0,1,3048,199,12,148,6,66,11,30,4,2,0,236396,206,238516,228,20221029,146,25,5,210,2,7,116,Blå blok
Nye Borgerlige,48128,41027,3560,3541,138,43079,8787,51866,1080,16,4,38788,1477,16,342,11,110,283,127,17,15,2,634634,275,737886,171,20221029,379,28,28,2534,1,12,323,Blå blok
Radikale Venstre,7271,6117,891,263,255,31848,1055,32903,3120,0,3,5165,581,13,143,39,127,49,120,13,10,1,644412,106,670115,93,20221029,61,7,2,2450,1,5,51,Rød blok
Socialdemokratiet,68097,57862,8081,2154,577,226588,11364,237952,25536,379,44,49898,4301,52,2590,42,586,393,361,45,19,2,1625295,562,1738668,524,20221029,189,22,6,5035,2,12,160,Rød blok
Socialistisk Folkeparti,37046,31738,3320,1988,346,42915,1403,44318,163,27,3,25334,4208,52,442,53,116,1533,172,13,6,0,705216,461,724382,442,20221029,215,19,12,3301,1,24,185,Rød blok
Venstre,26820,23631,2136,1053,617,30042,3978,34020,2797,102,9,20346,1066,13,398,35,177,1596,275,29,26,0,952027,366,997169,316,20221029,98,8,4,1036,1,4,86,Blå blok
Alternativet,15469,13167,1366,936,164,3341,1697,5038,93,7,0,10272,2362,10,157,61,87,218,153,13,9,3,260357,301,266262,313,20221030,101,9,6,257,1,15,86,Rød blok
Andet,489,416,33,40,115,505,108,613,47,24,1,395,11,0,9,0,0,1,25,3,7,0,196142,18,205923,16,20221030,20,1,2,168,0,0,17,Andet
Danmarksdemokraterne,6534,5121,1162,251,34,16222,678,16900,0,5403,2,4562,419,8,49,2,40,41,83,5,0,0,305507,234,323951,249,20221030,79,14,3,3244,0,5,62,Blå blok
Dansk Folkeparti,20290,16516,1997,1777,157,64486,7514,72000,186,0,9,14698,1461,21,173,10,81,72,119,20,8,0,564666,312,574375,363,20221030,171,17,15,3224,1,12,139,Blå blok
Enhedslisten,17569,14558,1989,1022,186,12209,2617,14826,1585,491,9,12253,1395,26,492,28,260,104,184,11,26,1,522259,298,537691,288,20221030,95,11,6,1110,1,8,79,Rød blok
Frie Grønne,4194,2971,910,313,10,45041,4403,49444,40,0,8,2082,117,5,674,6,74,13,21,9,2,0,33607,62,36466,62,20221030,200,43,15,5005,4,6,141,Rød blok
Konservative,24741,21126,2595,1020,505,76094,4951,81045,312,523,26,18498,1639,42,329,32,116,470,266,39,11,2,642539,337,676605,339,20221030,93,10,4,1951,0,6,79,Blå blok
Kristendemokraterne,1393,1105,150,138,41,1297,243,1540,120,0,0,1043,28,2,19,5,7,1,54,2,4,3,65388,39,68857,36,20221030,26,3,3,649,0,1,20,Blå blok
Liberal Alliance,20772,17815,2190,767,216,58483,10103,68586,2058,8928,1,16192,1020,37,473,24,42,27,127,12,13,0,409406,738,439218,743,20221030,164,17,6,4874,0,8,140,Blå blok
Løsgænger,1569,1401,151,17,4,0,0,0,0,0,0,1336,32,4,11,1,12,5,2,0,0,0,112445,-16,140544,-23,20221030,785,76,9,0,6,16,701,Andet
Moderaterne,6164,5181,808,175,40,42150,1742,43892,31,1896,6,4407,355,4,112,6,83,214,41,12,2,1,236560,164,238689,173,20221030,150,20,4,3513,2,9,126,Blå blok
Nye Borgerlige,44534,33948,4413,6173,138,227192,55123,282315,1473,75,11,31369,725,38,1575,17,185,39,153,15,18,3,635022,388,738256,370,20221030,291,29,40,15146,1,5,222,Blå blok
Radikale Venstre,8613,7216,1140,257,255,15879,1277,17156,128,538,24,6105,644,24,281,6,89,67,192,21,10,0,644502,90,670200,85,20221030,45,6,1,756,0,3,38,Rød blok
Socialdemokratiet,76967,64639,9717,2611,577,187686,12374,200060,2200,819,32,56937,4516,88,1965,59,651,423,378,50,25,1,1625760,465,1739127,459,20221030,204,26,7,3754,2,12,171,Rød blok
Socialistisk Folkeparti,35331,27990,4978,2363,346,33381,7963,41344,759,69,18,23203,3651,28,256,71,96,685,203,21,12,0,705775,559,724954,572,20221030,174,25,12,1590,0,18,138,Rød blok
Venstre,26902,22946,2850,1106,617,59383,5858,65241,1192,637,10,21325,630,39,623,50,220,59,289,33,21,1,952453,426,997602,433,20221030,93,10,4,1799,1,2,79,Blå blok
Alternativet,15580,13518,1348,714,164,6269,2301,8570,1074,0,7,10725,2443,35,120,62,33,100,156,14,11,6,260637,280,266544,282,20221031,100,9,5,448,0,16,87,Rød blok
Andet,1512,1285,90,137,115,1291,169,1460,0,0,0,1092,130,3,6,28,18,8,31,2,0,0,196161,19,205938,15,20221031,49,3,4,646,1,4,41,Andet
Danmarksdemokraterne,17634,14662,2161,811,34,4439,385,4824,0,0,3,13178,1156,7,82,7,52,180,96,8,0,1,305751,244,324202,251,20221031,184,23,8,555,1,12,153,Blå blok
Dansk Folkeparti,14491,11595,1687,1209,157,17840,3204,21044,452,58,6,9867,1484,24,134,10,37,39,135,20,16,0,564873,207,574594,219,20221031,107,12,9,892,0,11,86,Blå blok
Enhedslisten,21045,18028,1988,1029,186,20809,3584,24393,887,0,8,15144,2119,22,428,11,107,197,220,17,29,2,522703,444,538156,465,20221031,96,9,5,1224,0,10,82,Rød blok
Frie Grønne,7013,4418,2053,542,10,30454,6450,36904,113,2731,1,3340,542,7,392,5,73,59,23,8,4,0,33676,69,36537,71,20221031,305,89,24,3807,3,24,192,Rød blok
Konservative,23514,20100,2438,976,505,108378,9292,117670,1216,95,35,17683,1726,30,399,24,129,109,309,58,32,2,642926,387,677004,399,20221031,76,8,3,1869,0,6,65,Blå blok
Kristendemokraterne,1829,1427,134,268,41,8187,3637,11824,1592,402,5,1289,110,3,7,2,3,13,75,8,19,2,65453,65,68918,61,20221031,24,2,4,1023,0,1,19,Blå blok
Liberal Alliance,22563,20573,1220,770,216,54013,8002,62015,2031,0,5,19773,547,31,158,12,32,20,108,11,8,0,410159,753,439985,767,20221031,209,11,7,4910,0,5,190,Blå blok
Løsgænger,1226,996,223,7,4,0,0,0,0,0,0,951,33,5,2,0,0,5,1,0,0,0,112438,-7,140528,-16,20221031,1226,223,7,0,0,33,996,Andet
Moderaterne,11367,8908,2131,328,40,51146,3677,54823,31,7470,4,8297,368,11,108,19,79,26,48,9,2,0,236839,279,238978,289,20221031,237,44,7,5683,2,8,186,Blå blok
Nye Borgerlige,32255,27189,2848,2218,138,82449,11166,93615,2319,1526,12,25488,1287,22,238,18,88,48,125,17,7,0,635441,419,738665,409,20221031,258,23,18,4850,1,10,218,Blå blok
Radikale Venstre,15030,12476,1995,559,255,6741,3327,10068,2366,216,13,10106,1303,12,773,11,176,95,189,19,11,1,644685,183,670384,184,20221031,80,11,3,355,1,7,66,Rød blok
Socialdemokratiet,96536,80096,13607,2833,577,329293,18964,348257,2630,9197,47,68310,8109,108,2161,100,740,568,472,57,37,6,1626350,590,1739675,548,20221031,205,29,6,5777,2,17,170,Rød blok
Socialistisk Folkeparti,33851,28746,4052,1053,346,47135,1241,48376,5789,5166,7,23400,3618,39,1244,86,140,219,190,18,7,1,706588,813,725783,829,20221031,178,21,6,2619,1,19,151,Rød blok
Venstre,31834,27627,2929,1278,617,52136,12679,64815,1596,179,42,25733,1071,23,295,38,234,233,384,48,41,7,952934,481,998090,488,20221031,83,8,3,1086,1,3,72,Blå blok
Alternativet,14161,12440,1290,431,164,4134,456,4590,23,10,6,9377,2640,2,242,65,27,87,108,11,4,2,261073,436,266999,455,20221101,131,12,4,376,0,24,115,Rød blok
Andet,2139,1966,80,93,115,778,16,794,7,0,0,1758,189,1,7,1,0,10,22,2,1,0,196172,11,205936,-2,20221101,97,4,4,389,0,9,89,Andet
Danmarksdemokraterne,26350,23760,2284,306,34,17663,1195,18858,60,1280,0,21134,2396,10,54,21,26,119,53,7,2,0,306244,493,324735,533,20221101,497,43,6,2523,0,45,448,Blå blok
Dansk Folkeparti,21383,17667,2808,908,157,9834,536,10370,599,3284,5,15956,1551,4,54,6,10,86,118,10,2,0,565030,157,574752,158,20221101,181,24,8,983,0,13,150,Blå blok
Enhedslisten,19885,18219,1318,348,186,4755,312,5067,497,0,3,14887,2955,13,117,41,45,161,125,7,11,1,523243,540,538715,559,20221101,159,11,3,679,0,24,146,Rød blok
Frie Grønne,3838,2771,958,109,10,35395,2150,37545,897,52,3,2236,275,2,205,0,30,23,18,8,2,0,33848,172,36706,169,20221101,213,53,6,4424,2,15,154,Rød blok
Konservative,24214,21366,2482,366,505,42875,2619,45494,208,264,4,18548,2105,2,102,1,21,587,243,33,14,0,643303,377,677376,372,20221101,100,10,2,1299,0,9,88,Blå blok
Kristendemokraterne,1196,1007,121,68,41,261,61,322,94,13,1,881,82,1,7,5,1,30,56,6,9,3,65492,39,68961,43,20221101,21,2,1,44,0,1,18,Blå blok
Liberal Alliance,33818,31482,1888,448,216,86890,5783,92673,743,0,0,28988,1779,9,580,10,70,46,141,6,8,2,411536,1377,441364,1379,20221101,240,13,3,14482,0,13,223,Blå blok
Løsgænger,2184,2039,138,7,4,0,0,0,0,0,0,1931,75,6,7,2,10,8,2,0,0,0,112429,-9,140509,-19,20221101,1092,69,4,0,5,38,1020,Andet
Moderaterne,5618,4721,770,127,40,1733,1015,2748,2,26,1,4414,220,4,22,1,20,40,34,5,1,0,237205,366,239365,387,20221101,165,23,4,347,1,6,139,Blå blok
Nye Borgerlige,28448,24153,3256,1039,138,27745,1261,29006,73,3070,11,22274,1472,6,315,15,18,53,100,12,3,1,635978,537,739180,515,20221101,284,33,10,2312,0,15,242,Blå blok
Radikale Venstre,7951,7026,802,123,255,6816,375,7191,522,333,3,5942,856,7,114,2,20,85,113,9,8,0,644958,273,670644,260,20221101,70,7,1,757,0,8,62,Rød blok
Socialdemokratiet,90051,79423,9245,1383,577,16397,2541,18938,752,284,26,69221,8547,55,477,22,244,857,349,37,21,0,1627156,806,1740459,784,20221101,258,26,4,443,1,24,228,Rød blok
Socialistisk Folkeparti,47406,42296,4305,805,346,12513,370,12883,104,1042,1,35287,6318,14,181,8,59,429,174,21,2,0,707538,950,726738,955,20221101,272,25,5,596,0,36,243,Rød blok
Venstre,32204,28928,2839,437,617,25300,1280,26580,1445,747,6,26411,1874,8,302,10,43,280,264,26,26,1,953624,690,998796,706,20221101,122,11,2,973,0,7,110,Blå blok